name,cell_class,canonical_key
2BDFFHQN_X1_DH,seq,
2BDFFHQN_X1_SH,seq,
2input0x1_X1,logic,0b0100
2input0x1_X2,logic,0b0010
2input0x2_X1,logic,0b0100
2input0x2_X2,logic,0b0100
2input0x6_X1,logic,0b1101
2input0x6_X2,logic,0b1101
2input0xB_X1,logic,0b1101
2input0xB_X2,logic,0b1101
3input0x0B_X2,logic,0b01010001
3input0x10_X1,logic,0b00101000
3input0x10_X1_DH_N,logic,0b00101000
3input0x11_X1_DH_N,logic,0b00101001
3input0x12_X1,logic,0b00101010
3input0x12_X2,logic,0b00101010
3input0x13_X1,logic,0b00101011
3input0x13_X1_DH_N,logic,0b00101011
3input0x14_X1,logic,0b00101100
3input0x15_X1_DH_P,logic,0b00101101
3input0x16_X1,logic,0b00101110
3input0x16_X1_DH_N,logic,0b00010110
3input0x16_X2,logic,0b00101110
3input0x17_X1,logic,0b00101111
3input0x17_X1_DH_N,logic,0b00010111
3input0x17_X2,logic,0b00010111
3input0x18_X1,logic,0b00111101
3input0x18_X1_DH_N,logic,0b00111101
3input0x19_X1,logic,0b00111110
3input0x19_X1_DH_N,logic,0b00111110
3input0x19_X2,logic,0b00011001
3input0x1A_X1,logic,0b01101000
3input0x1A_X1_DH_N,logic,0b00011010
3input0x1A_X1_DH_P,logic,0b01101000
3input0x1B_X1,logic,0b10000111
3input0x1B_X1_DH_N,logic,0b01101001
3input0x1C_X1,logic,0b01101010
3input0x1C_X1_DH_N,logic,0b01101010
3input0x1D_X1_DH_N,logic,0b01101011
3input0x1E_X1,logic,0b01101110
3input0x1E_X1_DH_N,logic,0b01101110
3input0x1F_X1,logic,0b00011111
3input0x1F_X1_DH_N,logic,0b01101111
3input0x1_X1,logic,0b00010000
3input0x1_X2,logic,0b00000010
3input0x20_X1,logic,0b01111110
3input0x20_X1_DH_N,logic,0b01111110
3input0x23_X1,logic,0b10000001
3input0x23_X1_DH_N,logic,0b10000001
3input0x24_X1,logic,0b10000010
3input0x25_X1,logic,0b10000011
3input0x26_X1,logic,0b10000110
3input0x26_X1_DH_N,logic,0b10000110
3input0x27_X1,logic,0b10000111
3input0x27_X1_DH_N,logic,0b10000111
3input0x27_X2,logic,0b10000111
3input0x28_X1,logic,0b10001001
3input0x28_X1_DH_N,logic,0b10001001
3input0x28_X2,logic,0b00101000
3input0x29_X1,logic,0b10001010
3input0x29_X1_DH_N,logic,0b00101001
3input0x29_X2,logic,0b10001010
3input0x2A_X1,logic,0b10001011
3input0x2B_X1,logic,0b10001110
3input0x2B_X1_DH_N,logic,0b00101011
3input0x2B_X1_DH_P,logic,0b10001110
3input0x2C_X1,logic,0b10001111
3input0x2C_X2,logic,0b10001111
3input0x2D_X1_DH_N,logic,0b10010110
3input0x2D_X1_DH_P,logic,0b00101101
3input0x2E_X1,logic,0b10010111
3input0x2E_X1_DH_N,logic,0b10010111
3input0x2E_X2,logic,0b00101110
3input0x2F_X1,logic,0b10011000
3input0x2F_X1_DH_N,logic,0b10011000
3input0x2F_X2,logic,0b00101111
3input0x2_X1,logic,0b00010100
3input0x2_X1_DH_N,logic,0b00010100
3input0x30_X1,logic,0b10011010
3input0x30_X1_DH_N,logic,0b10011010
3input0x31_X1,logic,0b10011011
3input0x31_X1_DH_N,logic,0b10011011
3input0x32_X1,logic,0b10011110
3input0x32_X1_DH_P,logic,0b10011110
3input0x33_X1,logic,0b10011111
3input0x33_X1_DH_N,logic,0b10011111
3input0x35_X1,logic,0b10101001
3input0x35_X1_DH_P,logic,0b10101001
3input0x36_X1,logic,0b10101011
3input0x36_X2,logic,0b10101011
3input0x37_X1,logic,0b10101100
3input0x37_X1_DH_P,logic,0b10101100
3input0x37_X2,logic,0b10101100
3input0x38_X1,logic,0b10101101
3input0x39_X1,logic,0b10101110
3input0x39_X2,logic,0b10101110
3input0x3A_X1,logic,0b10111100
3input0x3A_X1_DH_P,logic,0b10111100
3input0x3B_X1,logic,0b10111101
3input0x3B_X1_DH_N,logic,0b10111101
3input0x3C_X1,logic,0b10111110
3input0x3C_X2,logic,0b10111110
3input0x3D_X1,logic,0b10111111
3input0x3D_X1_DH_N,logic,0b00111101
3input0x3E_X1,logic,0b11101000
3input0x3E_X1_DH_N,logic,0b00111110
3input0x3E_X1_DH_P,logic,0b11101000
3input0x3E_X2,logic,0b00111110
3input0x3F_X1,logic,0b11101001
3input0x3F_X1_DH_P,logic,0b11101001
3input0x3_X1,logic,0b00010101
3input0x3_X2,logic,0b00000111
3input0x41_X1,logic,0b11101011
3input0x41_X1_DH_P,logic,0b11101011
3input0x42_X1,logic,0b11101111
3input0x42_X2,logic,0b11101111
3input0x4_X1,logic,0b01000000
3input0x4_X2,logic,0b00001000
3input0x5_X1,logic,0b01000001
3input0x5_X1_DH_N,logic,0b01000001
3input0x68_X1,logic,0b01101000
3input0x68_X1_DH_P,logic,0b01101000
3input0x69_X1_DH_N,logic,0b01101001
3input0x6A_X1,logic,0b01101010
3input0x6A_X1_DH_N,logic,0b01101010
3input0x6B_X1,logic,0b10011110
3input0x6B_X1_DH_N,logic,0b10011110
3input0x6E_X1,logic,0b01101110
3input0x6E_X2,logic,0b01101110
3input0x6F_X1,logic,0b10111110
3input0x6F_X1_DH_N,logic,0b10111110
3input0x6_X1,logic,0b01010001
3input0x6_X1_DH_N,logic,0b01010001
3input0x6_X2,logic,0b00010100
3input0x7E_X1,logic,0b01111110
3input0x7E_X1_DH_N,logic,0b01111110
3input0x7F_X2,logic,0b01111111
3input0x7_X1,logic,0b01010100
3input0x81_X1,logic,0b10000001
3input0x81_X1_DH_N,logic,0b10000001
3input0x82_X1,logic,0b10000010
3input0x83_X1,logic,0b10000011
3input0x86_X1,logic,0b10000110
3input0x86_X1_DH_N,logic,0b10000110
3input0x87_X1,logic,0b10000111
3input0x87_X1_DH_N,logic,0b10000111
3input0x89_X1,logic,0b10001001
3input0x89_X1_DH_N,logic,0b10001001
3input0x8A_X1,logic,0b10001010
3input0x8A_X2,logic,0b10001010
3input0x8B_X1,logic,0b10001011
3input0x8E_X1,logic,0b10001110
3input0x8E_X1_DH_P,logic,0b10001110
3input0x8F_X1,logic,0b10001111
3input0x8_X1,logic,0b00010110
3input0x8_X1_DH_N,logic,0b00010110
3input0x8_X2,logic,0b00101000
3input0x96_X1_DH_N,logic,0b10010110
3input0x97_X1,logic,0b10010111
3input0x97_X1_DH_N,logic,0b10010111
3input0x98_X1,logic,0b10011000
3input0x98_X1_DH_N,logic,0b10011000
3input0x98_X2,logic,0b10011000
3input0x9A_X1,logic,0b10011010
3input0x9A_X1_DH_N,logic,0b10011010
3input0x9B_X1,logic,0b10011011
3input0x9B_X1_DH_N,logic,0b10011011
3input0x9E_X1,logic,0b10011110
3input0x9E_X1_DH_P,logic,0b10011110
3input0x9F_X1,logic,0b10011111
3input0x9F_X1_DH_N,logic,0b10011111
3input0x9_X1,logic,0b00010111
3input0x9_X1_DH_N,logic,0b00010111
3input0xA9_X1_DH_P,logic,0b10101001
3input0xAB_X1,logic,0b10101011
3input0xAC_X1,logic,0b10101100
3input0xAC_X1_DH_P,logic,0b10101100
3input0xAD_X1,logic,0b10101101
3input0xAE_X1,logic,0b10101110
3input0xA_X1,logic,0b00011000
3input0xA_X1_DH_N,logic,0b00011000
3input0xBC_X1,logic,0b10111100
3input0xBC_X1_DH_P,logic,0b10111100
3input0xBD_X1,logic,0b10111101
3input0xBD_X1_DH_N,logic,0b10111101
3input0xBE_X1,logic,0b10111110
3input0xBF_X1,logic,0b10111111
3input0xBF_X2,logic,0b10111111
3input0xB_X1,logic,0b00011001
3input0xB_X1_DH_N,logic,0b00011001
3input0xC_X1,logic,0b00011010
3input0xC_X1_DH_N,logic,0b00011010
3input0xD_X1,logic,0b00011011
3input0xE8_X1,logic,0b11101000
3input0xE8_X1_DH_P,logic,0b11101000
3input0xE8_X2,logic,0b11101000
3input0xE9_X1,logic,0b11101001
3input0xE9_X1_DH_P,logic,0b11101001
3input0xEB_X1,logic,0b11101011
3input0xEB_X1_DH_P,logic,0b11101011
3input0xEF_X1,logic,0b11101111
3input0xEF_X2,logic,0b11101111
3input0xE_X1,logic,0b00011110
3input0xE_X1_DH_N,logic,0b00011110
3input0xE_X2,logic,0b00011110
3input0xF_X1,logic,0b00011111
3input0xF_X2,logic,0b00011111
4input0x000288_X1,logic,0b1000000010001000
4input0x0002_X1,logic,0b0000000000000010
4input0x0002_X2,logic,0b0000000000000010
4input0x000EA_X1,logic,0b1000100010001010
4input0x0080_X1,logic,0b0000000010000000
4input0x0080_X2,logic,0b0000000010000000
4input0x00A888_X1,logic,0b1111100000000000
4input0x00A888_X2,logic,0b1111100000000000
4input0x00A88A_X1,logic,0b1010100010001010
4input0x00A8AA_X1,logic,0b1010100010101010
4input0x00A8AA_X2,logic,0b1010100010101010
4input0x00A8C8_X1,logic,0b1111010010000000
4input0x00A8CC_X1,logic,0b1111010110000000
4input0x00A8_X1,logic,0b0000000010101000
4input0x00A8_X2,logic,0b0000000010101000
4input0x01FF_X1,logic,0b0101010101010111
4input0x01FF_X2,logic,0b0101010101010111
4input0x0280_X1,logic,0b0001100000000000
4input0x0280_X2,logic,0b0001100000000000
4input0x0357_X1,logic,0b0000001101010111
4input0x0777_X1,logic,0b0000011101110111
4input0x0777_X2,logic,0b0000011101110111
4input0x078F_X1,logic,0b0000011110001111
4input0x0880_X1,logic,0b0110000000000000
4input0x0880_X2,logic,0b0110000000000000
4input0x08F0_X1,logic,0b0101010110000000
4input0x0EE0_X1,logic,0b0110011001100000
4input0x181_X1,logic,0b1000000110000000
4input0x1A9_X1,logic,0b1001010110000000
4input0x1BFF_X1,logic,0b0001101111111111
4input0x1EF0_X1,logic,0b0001111111100000
4input0x1EF0_X2,logic,0b0001111111100000
4input0x1_X1,logic,0b0000000000000001
4input0x1_X2,logic,0b0000000000000001
4input0x2888_X1,logic,0b0111100000000000
4input0x2CCC_X1,logic,0b0111011110000000
4input0x2EE0_X1,logic,0b0110111001100000
4input0x356_X1,logic,0b0110101011000000
4input0x35A_X1,logic,0b0101101011000000
4input0x38B_X1,logic,0b1101000111000000
4input0x3ab_X1,logic,0b0000001110101011
4input0x3ab_X2,logic,0b0000001110101011
4input0x667_X1,logic,0b1110011001100000
4input0x6AAA_X1,logic,0b0111111110000000
4input0x6AAA_X2,logic,0b0111111110000000
4input0x7FFF_X1,logic,0b0111111111111111
4input0x7FFF_X2,logic,0b0111111111111111
4input0x8000_X1,logic,0b1000000000000000
4input0x8000_X2,logic,0b1000000000000000
4input0x8002_X1,logic,0b1000000000000010
4input0x8003_X1,logic,0b1000000000000011
4input0x8008_X1,logic,0b1000000000001000
4input0x800A_X1,logic,0b1000000000001010
4input0x800F_X1,logic,0b1000000000001111
4input0x802A_X1,logic,0b1000000000101010
4input0x803F_X1,logic,0b1000000000111111
4input0x807F_X1,logic,0b1000000001111111
4input0x8082_X1,logic,0b1000000010000010
4input0x8083_X1,logic,0b1000000010000011
4input0x808A_X1,logic,0b1000000010001010
4input0x808F_X1,logic,0b1000000010001111
4input0x80AA_X1,logic,0b1000000010101010
4input0x80AA_X2,logic,0b1000000010101010
4input0x80AC_X1,logic,0b1000000010101100
4input0x80BF_X1,logic,0b1000000010111111
4input0x8280_X1,logic,0b1001100000000000
4input0x828A_X1,logic,0b1000001010001010
4input0x82AA_X1,logic,0b1000001010101010
4input0x82EE_X1,logic,0b1000001011101110
4input0x8380_X1,logic,0b1001000110000000
4input0x8382_X1,logic,0b1000001110000010
4input0x838F_X1,logic,0b1000001110001111
4input0x83FF_X1,logic,0b1000001111111111
4input0x8782_X1,logic,0b1000011110000010
4input0x8880_X1,logic,0b1110000000000000
4input0x8880_X2,logic,0b1110000000000000
4input0x8882_X1,logic,0b1000100010000010
4input0x8889_X1,logic,0b1000100010001001
4input0x888A_X1,logic,0b1000100010001010
4input0x888A_X2,logic,0b1000100010001010
4input0x888B_X1,logic,0b1000100010001011
4input0x8890_X1,logic,0b1100000110000000
4input0x8898_X1,logic,0b1000100010011000
4input0x889F_X1,logic,0b1000100010011111
4input0x88A0_X1,logic,0b1101100000000000
4input0x88A2_X1,logic,0b1000100010100010
4input0x88AB_X1,logic,0b1000100010101011
4input0x88B0_X1,logic,0b1101000110000000
4input0x88B3_X1,logic,0b1000100010110011
4input0x88BA_X1,logic,0b1000100010111010
4input0x88BC_X1,logic,0b1000100010111100
4input0x88BF_X1,logic,0b1000100010111111
4input0x88E0_X1,logic,0b1000100011100000
4input0x88F0_X1,logic,0b1101010110000000
4input0x88F7_X1,logic,0b1000100011110111
4input0x88F8_X1,logic,0b1000100011111000
4input0x88F8_X2,logic,0b1000100011111000
4input0x88FB_X1,logic,0b1000100011111011
4input0x8999_X1,logic,0b1000100110011001
4input0x89BB_X1,logic,0b1000100110111011
4input0x8AA0_X1,logic,0b1011110000000000
4input0x8AA2_X1,logic,0b1000101010100010
4input0x8AA8_X1,logic,0b1111011000000000
4input0x8AA8_X2,logic,0b1111011000000000
4input0x8ABA_X1,logic,0b1000101010111010
4input0x8ABB_X1,logic,0b1000101010111011
4input0x8ACA_X1,logic,0b1000101011001010
4input0x8ACB_X1,logic,0b1000101011001011
4input0x8ADA_X1,logic,0b1000101011011010
4input0x8ADD_X1,logic,0b1000101011011101
4input0x8ADF_X1,logic,0b1000101011011111
4input0x8AEA_X1,logic,0b1000101011101010
4input0x8AEC_X1,logic,0b1000101011101100
4input0x8AFA_X1,logic,0b1000101011111010
4input0x8AFC_X1,logic,0b1000101011111100
4input0x8A_X1,logic,0b0101000100000000
4input0x8BB0_X1,logic,0b1000101110110000
4input0x8BB3_X1,logic,0b1000101110110011
4input0x8BBB_X1,logic,0b1000101110111011
4input0x8BDF_X1,logic,0b1000101111011111
4input0x8EEA_X1,logic,0b1000111011101010
4input0x8EFE_X1,logic,0b1000111011111110
4input0x8FF0_X1,logic,0b1000111111110000
4input0x8FFA_X1,logic,0b1000111111111010
4input0x8FFE_X1,logic,0b1000111111111110
4input0x8_X1,logic,0b0000000000001000
4input0x9888_X1,logic,0b1001100010001000
4input0x9890_X1,logic,0b1001100010010000
4input0x98BA_X1,logic,0b1001100010111010
4input0x98F8_X1,logic,0b1001100011111000
4input0x98FA_X1,logic,0b1001100011111010
4input0x9990_X1,logic,0b1001100110010000
4input0x9991_X1,logic,0b1001100110010001
4input0x9993_X1,logic,0b1001100110010011
4input0x9998_X1,logic,0b1001100110011000
4input0x999B_X1,logic,0b1001100110011011
4input0x999F_X1,logic,0b1001100110011111
4input0x99B3_X1,logic,0b1001100110110011
4input0x9BBB_X1,logic,0b1001101110111011
4input0x9BDF_X1,logic,0b1001101111011111
4input0x9BFF_X1,logic,0b1001101111111111
4input0x9FFF_X1,logic,0b1001111111111111
4input0xA880_X1,logic,0b1010100010000000
4input0xA88B_X1,logic,0b1010100010001011
4input0xA88C_X1,logic,0b1010100010001100
4input0xA88D_X1,logic,0b1010100010001101
4input0xA88E_X1,logic,0b1010100010001110
4input0xA88F_X1,logic,0b1010100010001111
4input0xA899_X1,logic,0b1010100010011001
4input0xA8AB_X1,logic,0b1010100010101011
4input0xA8AC_X1,logic,0b1010100010101100
4input0xA8AD_X1,logic,0b1010100010101101
4input0xA8AE_X1,logic,0b1010100010101110
4input0xA8AF_X1,logic,0b1010100010101111
4input0xA8BC_X1,logic,0b1010100010111100
4input0xA8BF_X1,logic,0b1010100010111111
4input0xA8C8_X1,logic,0b1010100011001000
4input0xA8DC_X1,logic,0b1010100011011100
4input0xA8DD_X1,logic,0b1010100011011101
4input0xA8FC_X1,logic,0b1010100011111100
4input0xA8FC_X2,logic,0b1010100011111100
4input0xA8FD_X1,logic,0b1010100011111101
4input0xA999_X1,logic,0b1010100110011001
4input0xA9A8_X1,logic,0b1010100110101000
4input0xA9AA_X1,logic,0b1010100110101010
4input0xAAA8_X1,logic,0b1111111000000000
4input0xAAA8_X2,logic,0b1111111000000000
4input0xAAA9_X1,logic,0b1010101010101001
4input0xAAAC_X1,logic,0b1010101010101100
4input0xAAAD_X1,logic,0b1010101010101101
4input0xAAAE_X1,logic,0b1010101010101110
4input0xAAAE_X2,logic,0b1010101010101110
4input0xAABC_X1,logic,0b1010101010111100
4input0xAABE_X1,logic,0b1010101010111110
4input0xAAC0_X1,logic,0b1010101011000000
4input0xAAC4_X1,logic,0b1110001111000000
4input0xAAC8_X1,logic,0b1010101011001000
4input0xAACA_X1,logic,0b1010101011001010
4input0xAACD_X1,logic,0b1010101011001101
4input0xAACE_X1,logic,0b1010101011001110
4input0xAACF_X1,logic,0b1010101011001111
4input0xAAD5_X1,logic,0b1010101011010101
4input0xAAD8_X1,logic,0b1010101011011000
4input0xAADF_X1,logic,0b1010101011011111
4input0xAAE8_X1,logic,0b1010101011101000
4input0xAAEA_X1,logic,0b1010101011101010
4input0xAAEA_X2,logic,0b1010101011101010
4input0xAAEB_X1,logic,0b1010101011101011
4input0xAAEC_X1,logic,0b1010101011101100
4input0xAAFC_X1,logic,0b1010101011111100
4input0xAAFD_X1,logic,0b1010101011111101
4input0xAAFE_X1,logic,0b1010101011111110
4input0xAAFE_X2,logic,0b1010101011111110
4input0xABC0_X1,logic,0b1010101111000000
4input0xABCC_X1,logic,0b1010101111001100
4input0xABEA_X1,logic,0b1010101111101010
4input0xABEB_X1,logic,0b1010101111101011
4input0xABEC_X1,logic,0b1010101111101100
4input0xABEE_X1,logic,0b1010101111101110
4input0xABEF_X1,logic,0b1010101111101111
4input0xABEF_X2,logic,0b1010101111101111
4input0xABFC_X1,logic,0b1010101111111100
4input0xABFE_X1,logic,0b1010101111111110
4input0xACCC_X1,logic,0b1111011110000000
4input0xACEC_X1,logic,0b1010110011101100
4input0xACF0_X1,logic,0b1011101111000000
4input0xACFC_X1,logic,0b1010110011111100
4input0xACFE_X1,logic,0b1010110011111110
4input0xACFF_X1,logic,0b1010110011111111
4input0xADDD_X1,logic,0b1010110111011101
4input0xADFC_X1,logic,0b1010110111111100
4input0xADFD_X1,logic,0b1010110111111101
4input0xADFF_X1,logic,0b1010110111111111
4input0xAEE0_X1,logic,0b1010111011100000
4input0xAEE4_X1,logic,0b1010111011100100
4input0xAEEA_X1,logic,0b1010111011101010
4input0xAEEEF_X1,logic,0b1111111111110111
4input0xAEEE_X1,logic,0b1010111011101110
4input0xAEEE_X2,logic,0b1010111011101110
4input0xAEFA_X1,logic,0b1010111011111010
4input0xAEFC_X1,logic,0b1010111011111100
4input0xAEFE_X1,logic,0b1010111011111110
4input0xAFF8_X1,logic,0b1010111111111000
4input0xAFFB_X1,logic,0b1010111111111011
4input0xAFFC_X1,logic,0b1010111111111100
4input0xAFFD_X1,logic,0b1010111111111101
4input0xAFFE_X1,logic,0b1010111111111110
4input0xBBB_X2_DH_N,logic,0b1010100011111100
4input0xBCFC_X1,logic,0b1011110011111100
4input0xBEEE_X1,logic,0b1011111011101110
4input0xBEFE_X1,logic,0b1011111011111110
4input0xBEFF_X1,logic,0b1011111011111111
4input0xBFFC_X1,logic,0b1011111111111100
4input0xBFFF_X1,logic,0b1111111101111111
4input0xE880_X1,logic,0b1110100010000000
4input0xE888_X1,logic,0b1111100010000000
4input0xE8A8_X1,logic,0b1110100010101000
4input0xE8AA_X1,logic,0b1111110110000000
4input0xE8AC_X1,logic,0b1110100010101100
4input0xEAA8_X1,logic,0b1111111010000000
4input0xEAAA_X1,logic,0b1111111110000000
4input0xEAAB_X1,logic,0b1110101010101011
4input0xEAAE_X1,logic,0b1110101010101110
4input0xEAAF_X1,logic,0b1110101010101111
4input0xEABF_X1,logic,0b1110101010111111
4input0xEAC0_X1,logic,0b1110101011000000
4input0xEAC0_X2,logic,0b1110101011000000
4input0xEAC2_X1,logic,0b1110101011000010
4input0xEAC8_X1,logic,0b1111101011000000
4input0xEACA_X1,logic,0b1110101011001010
4input0xEACE_X1,logic,0b1110101011001110
4input0xEAD8_X1,logic,0b1110101011011000
4input0xEADA_X1,logic,0b1110101011011010
4input0xEADD_X1,logic,0b1110101011011101
4input0xEAE8_X1,logic,0b1111111011000000
4input0xEAEB_X1,logic,0b1110101011101011
4input0xEAEF_X1,logic,0b1110101011101111
4input0xEAFF_X1,logic,0b1111111111010101
4input0xEBEF_X1,logic,0b1110101111101111
4input0xEBFF_X1,logic,0b1110101111111111
4input0xEEE2_X1,logic,0b1110111011100010
4input0xEEE3_X1,logic,0b1110111011100011
4input0xEEE6_X1,logic,0b1110111011100110
4input0xEEE8_X1,logic,0b1111111011100000
4input0xEEEA_X1,logic,0b1111111111100000
4input0xEEEA_X2,logic,0b1111111111100000
4input0xEEEB_X1,logic,0b1110111011101011
4input0xEEEF_X1,logic,0b1110111011101111
4input0xEEEF_X2,logic,0b1110111011101111
4input0xEEE_X1,logic,0b0000111011101110
4input0xEEF3_X1,logic,0b1110111011110011
4input0xEEF7_X1,logic,0b1110111011110111
4input0xEEF8_X1,logic,0b1110111011111000
4input0xEEFA_X1,logic,0b1110111011111010
4input0xEEFB_X1,logic,0b1110111011111011
4input0xEFF8_X1,logic,0b1110111111111000
4input0xEFFA_X1,logic,0b1110111111111010
4input0xEFFB_X1,logic,0b1110111111111011
4input0xEFFE_X1,logic,0b1110111111111110
4input0xE_X1,logic,0b0000000000001110
4input0xFEE8_X1,logic,0b1111111011101000
4input0xFEEA_X1,logic,0b1111111111101000
4input0xFEEE_X1,logic,0b1111111011101110
4input0xFEEF_X1,logic,0b1111111011101111
4input0xFEFF_X1,logic,0b1111111111111101
AND2_X1,logic,0b0001
AND2_X2,logic,0b0001
AND3_X1,logic,0b00000001
AND3_X2,logic,0b00000001
AO211_X1,logic,0b0111011101111111
AO22_X1,logic,0b0001000100011111
AO31_X1,logic,0b0101010101010111
AOI211_X1,logic,0b1000100010000000
AOI211_X2,logic,0b1000100010000000
AOI21_X1,logic,0b10101000
AOI21_X2,logic,0b10101000
AOI221_X1,logic,0b10101000101010001010100000000000
AOI222_X1_DH_N,logic,0b1110111011100000111011101110000011101110111000000000000000000000
AOI222_X1_DH_P,logic,0b1110111011100000111011101110000011101110111000000000000000000000
AOI222_X1_SH,logic,0b1110111011100000111011101110000011101110111000000000000000000000
AOI22_X1,logic,0b1110111011100000
AOI22_X2,logic,0b1110111011100000
AOI31_X1,logic,0b1010101010101000
BUF_X1,buf_inv,0b01
BUF_X2,buf_inv,0b01
BUF_X4,buf_inv,0b01
BUF_X8,buf_inv,0b01
DFFHQN_X1_DH,seq,
DFFHQN_X1_SH,seq,
DFFRNQ_X1_DH,seq,
DFFRNQ_X1_SH,seq,
FA_X1_DH,logic,0b11101000
FA_X1_SH,logic,0b11101000
HA_X1,logic,0b1110
INV_X1,buf_inv,0b10
INV_X2,buf_inv,0b10
INV_X4,buf_inv,0b10
INV_X8,buf_inv,0b10
LHQ_X1,seq,
MUX2_X1,logic,0b00011011
NAND2_X1,logic,0b1110
NAND2_X2,logic,0b1110
NAND3_X1,logic,0b11111110
NAND3_X2,logic,0b11111110
NAND4_X1,logic,0b1111111111111110
NAND4_X2,logic,0b1111111111111110
NOR2_X1,logic,0b1000
NOR2_X2,logic,0b1000
NOR3_X1,logic,0b10000000
NOR3_X2,logic,0b10000000
NOR4_X1,logic,0b1000000000000000
NOR4_X2,logic,0b1000000000000000
OA211_X1,logic,0b0000000100010001
OA22_X1,logic,0b0000011101110111
OA31_X1,logic,0b0001010101010101
OAI211_X1,logic,0b1111111011101110
OAI211_X2,logic,0b1111111011101110
OAI21_X1,logic,0b11101010
OAI21_X2,logic,0b11101010
OAI221_X1,logic,0b11111111111010101110101011101010
OAI222_X1_DH_N,logic,0b1111111111111111111110001000100011111000100010001111100010001000
OAI222_X1_DH_P,logic,0b1111111111111111111110001000100011111000100010001111100010001000
OAI222_X1_SH,logic,0b1111111111111111111110001000100011111000100010001111100010001000
OAI22_X1,logic,0b1111100010001000
OAI22_X2,logic,0b1111100010001000
OAI31_X1,logic,0b1110101010101010
OR2_X1,logic,0b0111
OR2_X2,logic,0b0111
OR3_X1,logic,0b01111111
OR3_X2,logic,0b01111111
XNOR2_X1,logic,0b1001
XNOR2_X2,logic,0b1001
XOR2_X1,logic,0b0110
