target_name,target_key,base_name,base_key,status,base_count,inv_count,total,reason,elapsed_s
AND2_X1,0b0001,XOR2_X1,0b0110,IMPOSSIBLE_AFFINE,,,,base+INV is closed under affine class L (Post's lattice); target is non-affine,0.00
AND2_X1,0b0001,OR2_X1,0b0111,OK,1,3,4,,10.06
AND2_X1,0b0001,NOR2_X1,0b1000,OK,2,1,3,,10.06
AND2_X1,0b0001,XNOR2_X1,0b1001,IMPOSSIBLE_AFFINE,,,,base+INV is closed under affine class L (Post's lattice); target is non-affine,0.00
AND2_X1,0b0001,NAND2_X1,0b1110,OK,1,1,2,,0.03
XOR2_X1,0b0110,AND2_X1,0b0001,OK,3,4,7,,0.24
XOR2_X1,0b0110,OR2_X1,0b0111,OK,4,3,7,,0.30
XOR2_X1,0b0110,NOR2_X1,0b1000,OK,5,0,5,,0.07
XOR2_X1,0b0110,XNOR2_X1,0b1001,OK,1,1,2,,0.02
XOR2_X1,0b0110,NAND2_X1,0b1110,OK,4,0,4,,0.05
OR2_X1,0b0111,AND2_X1,0b0001,OK,1,3,4,,0.04
OR2_X1,0b0111,XOR2_X1,0b0110,IMPOSSIBLE_AFFINE,,,,base+INV is closed under affine class L (Post's lattice); target is non-affine,0.00
OR2_X1,0b0111,NOR2_X1,0b1000,OK,1,1,2,,0.01
OR2_X1,0b0111,XNOR2_X1,0b1001,IMPOSSIBLE_AFFINE,,,,base+INV is closed under affine class L (Post's lattice); target is non-affine,0.00
OR2_X1,0b0111,NAND2_X1,0b1110,OK,2,1,3,,0.03
NOR2_X1,0b1000,AND2_X1,0b0001,OK,1,2,3,,0.02
NOR2_X1,0b1000,XOR2_X1,0b0110,IMPOSSIBLE_AFFINE,,,,base+INV is closed under affine class L (Post's lattice); target is non-affine,0.00
NOR2_X1,0b1000,OR2_X1,0b0111,OK,1,1,2,,0.01
NOR2_X1,0b1000,XNOR2_X1,0b1001,IMPOSSIBLE_AFFINE,,,,base+INV is closed under affine class L (Post's lattice); target is non-affine,0.00
NOR2_X1,0b1000,NAND2_X1,0b1110,OK,2,2,4,,0.06
XNOR2_X1,0b1001,AND2_X1,0b0001,OK,4,3,7,,0.23
XNOR2_X1,0b1001,XOR2_X1,0b0110,OK,1,1,2,,0.01
XNOR2_X1,0b1001,OR2_X1,0b0111,OK,3,4,7,,0.29
XNOR2_X1,0b1001,NOR2_X1,0b1000,OK,4,0,4,,0.05
XNOR2_X1,0b1001,NAND2_X1,0b1110,OK,5,0,5,,0.09
NAND2_X1,0b1110,AND2_X1,0b0001,OK,1,1,2,,0.01
NAND2_X1,0b1110,XOR2_X1,0b0110,IMPOSSIBLE_AFFINE,,,,base+INV is closed under affine class L (Post's lattice); target is non-affine,0.00
NAND2_X1,0b1110,OR2_X1,0b0111,OK,1,2,3,,0.03
NAND2_X1,0b1110,NOR2_X1,0b1000,OK,2,2,4,,0.05
NAND2_X1,0b1110,XNOR2_X1,0b1001,IMPOSSIBLE_AFFINE,,,,base+INV is closed under affine class L (Post's lattice); target is non-affine,0.00
AND2_X1,0b0001,AND3_X1,0b00000001,OK,1,2,3,,0.12
AND2_X1,0b0001,OR3_X1,0b01111111,OK,1,4,5,,0.53
AND2_X1,0b0001,AOI21_X1,0b10101000,OK,2,1,3,,0.15
AND2_X1,0b0001,OAI21_X1,0b11101010,OK,2,1,3,,0.33
AND2_X1,0b0001,NAND3_X1,0b11111110,OK,2,2,4,,0.26
AND2_X1,0b0001,AOI211_X1,0b1000100010000000,OK,2,2,4,,0.46
AND2_X1,0b0001,AOI22_X1,0b1110111011100000,OK,2,2,4,,0.46
AND2_X1,0b0001,OAI22_X1,0b1111100010001000,OK,2,2,4,,0.30
AND2_X1,0b0001,OAI211_X1,0b1111111011101110,OK,1,3,4,,0.40
2input0x1_X1,0b0100,AND3_X1,0b00000001,OK,1,2,3,,0.07
2input0x1_X1,0b0100,OR3_X1,0b01111111,OK,1,3,4,,0.22
2input0x1_X1,0b0100,AOI21_X1,0b10101000,OK,1,1,2,,0.05
2input0x1_X1,0b0100,OAI21_X1,0b11101010,OK,2,1,3,,0.23
2input0x1_X1,0b0100,NAND3_X1,0b11111110,OK,2,2,4,,0.41
2input0x1_X1,0b0100,AOI211_X1,0b1000100010000000,OK,1,2,3,,0.30
2input0x1_X1,0b0100,AOI22_X1,0b1110111011100000,OK,1,2,3,,0.37
2input0x1_X1,0b0100,OAI22_X1,0b1111100010001000,OK,1,2,3,,0.35
2input0x1_X1,0b0100,OAI211_X1,0b1111111011101110,OK,1,3,4,,0.41
OR2_X1,0b0111,AND3_X1,0b00000001,OK,1,4,5,,0.23
OR2_X1,0b0111,OR3_X1,0b01111111,OK,1,2,3,,0.14
OR2_X1,0b0111,AOI21_X1,0b10101000,OK,2,1,3,,0.09
OR2_X1,0b0111,OAI21_X1,0b11101010,OK,2,1,3,,0.11
OR2_X1,0b0111,NAND3_X1,0b11111110,OK,3,1,4,,0.22
OR2_X1,0b0111,AOI211_X1,0b1000100010000000,OK,1,3,4,,0.36
OR2_X1,0b0111,AOI22_X1,0b1110111011100000,OK,2,2,4,,0.34
OR2_X1,0b0111,OAI22_X1,0b1111100010001000,OK,2,2,4,,0.29
OR2_X1,0b0111,OAI211_X1,0b1111111011101110,OK,2,2,4,,0.43
XNOR2_X1,0b1001,AND3_X1,0b00000001,OK,4,5,9,,5.66
XNOR2_X1,0b1001,OR3_X1,0b01111111,OK,4,5,9,,3.81
XNOR2_X1,0b1001,AOI21_X1,0b10101000,OK,2,1,3,,0.13
XNOR2_X1,0b1001,OAI21_X1,0b11101010,OK,2,1,3,,0.11
XNOR2_X1,0b1001,NAND3_X1,0b11111110,OK,5,1,6,,0.76
XNOR2_X1,0b1001,AOI211_X1,0b1000100010000000,OK,3,2,5,,0.39
XNOR2_X1,0b1001,AOI22_X1,0b1110111011100000,OK,1,2,3,,0.18
XNOR2_X1,0b1001,OAI22_X1,0b1111100010001000,OK,1,2,3,,0.16
XNOR2_X1,0b1001,OAI211_X1,0b1111111011101110,OK,3,2,5,,0.72
2input0x6_X1,0b1101,AND3_X1,0b00000001,OK,1,3,4,,0.14
2input0x6_X1,0b1101,OR3_X1,0b01111111,OK,1,2,3,,0.18
2input0x6_X1,0b1101,AOI21_X1,0b10101000,OK,2,1,3,,0.09
2input0x6_X1,0b1101,OAI21_X1,0b11101010,OK,1,1,2,,0.06
2input0x6_X1,0b1101,NAND3_X1,0b11111110,OK,2,1,3,,0.16
2input0x6_X1,0b1101,AOI211_X1,0b1000100010000000,OK,1,3,4,,0.26
2input0x6_X1,0b1101,AOI22_X1,0b1110111011100000,OK,1,2,3,,0.22
2input0x6_X1,0b1101,OAI22_X1,0b1111100010001000,OK,1,2,3,,0.17
2input0x6_X1,0b1101,OAI211_X1,0b1111111011101110,OK,1,2,3,,0.26
HA_X1,0b1110,AND3_X1,0b00000001,OK,1,3,4,,0.14
HA_X1,0b1110,OR3_X1,0b01111111,OK,1,3,4,,0.24
HA_X1,0b1110,AOI21_X1,0b10101000,OK,3,1,4,,0.22
HA_X1,0b1110,OAI21_X1,0b11101010,OK,1,1,2,,0.06
HA_X1,0b1110,NAND3_X1,0b11111110,OK,2,1,3,,0.18
HA_X1,0b1110,AOI211_X1,0b1000100010000000,OK,3,2,5,,0.43
HA_X1,0b1110,AOI22_X1,0b1110111011100000,OK,1,2,3,,0.23
HA_X1,0b1110,OAI22_X1,0b1111100010001000,OK,1,2,3,,0.22
HA_X1,0b1110,OAI211_X1,0b1111111011101110,OK,1,2,3,,0.49
AND3_X1,0b00000001,AND2_X1,0b0001,OK,2,0,2,,0.06
AND3_X1,0b00000001,2input0x1_X1,0b0100,OK,4,0,4,,0.21
AND3_X1,0b00000001,OR2_X1,0b0111,OK,2,4,6,,0.77
AND3_X1,0b00000001,XNOR2_X1,0b1001,IMPOSSIBLE_AFFINE,,,,base+INV is closed under affine class L (Post's lattice); target is non-affine,0.00
AND3_X1,0b00000001,2input0x6_X1,0b1101,OK,2,2,4,,0.27
AND3_X1,0b00000001,HA_X1,0b1110,OK,3,1,4,,0.27
AND3_X1,0b00000001,3input0x1_X1,0b00010000,OK,2,0,2,,0.07
AND3_X1,0b00000001,3input0x2_X1,0b00010100,OK,2,0,2,,0.09
AND3_X1,0b00000001,3input0x3_X1,0b00010101,OK,2,1,3,,0.21
AND3_X1,0b00000001,3input0x8_X1,0b00010110,OK,3,0,3,,0.32
AND3_X1,0b00000001,3input0x9_X1,0b00010111,TIMEOUT,,,,,63.53
AND3_X1,0b00000001,3input0xA_X1,0b00011000,OK,3,0,3,,0.17
AND3_X1,0b00000001,3input0xB_X1,0b00011001,OK,3,0,3,,0.41
AND3_X1,0b00000001,3input0xC_X1,0b00011010,OK,3,0,3,,0.35
AND3_X1,0b00000001,3input0xD_X1,0b00011011,OK,2,1,3,,0.22
AND3_X1,0b00000001,3input0xE_X1,0b00011110,OK,3,0,3,,0.25
AND3_X1,0b00000001,3input0xF_X1,0b00011111,OK,3,2,5,,0.72
AND3_X1,0b00000001,3input0x10_X1,0b00101000,OK,2,1,3,,0.38
AND3_X1,0b00000001,3input0x11_X1_DH_N,0b00101001,OK,3,0,3,,0.29
AND3_X1,0b00000001,3input0x12_X1,0b00101010,OK,5,0,5,,0.84
AND3_X1,0b00000001,3input0x13_X1,0b00101011,TIMEOUT,,,,,62.44
AND3_X1,0b00000001,3input0x14_X1,0b00101100,OK,3,0,3,,0.20
AND3_X1,0b00000001,3input0x15_X1_DH_P,0b00101101,OK,3,0,3,,0.23
AND3_X1,0b00000001,3input0x16_X1,0b00101110,OK,3,0,3,,0.34
AND3_X1,0b00000001,3input0x17_X1,0b00101111,OK,2,2,4,,0.44
AND3_X1,0b00000001,3input0x18_X1,0b00111101,OK,3,1,4,,0.76
AND3_X1,0b00000001,3input0x19_X1,0b00111110,OK,4,0,4,,0.44
AND3_X1,0b00000001,3input0x4_X1,0b01000000,OK,2,1,3,,0.30
AND3_X1,0b00000001,3input0x5_X1,0b01000001,OK,2,0,2,,0.09
AND3_X1,0b00000001,3input0x6_X1,0b01010001,OK,2,0,2,,0.14
AND3_X1,0b00000001,3input0x7_X1,0b01010100,OK,3,0,3,,0.19
AND3_X1,0b00000001,3input0x1A_X1,0b01101000,OK,4,0,4,,0.42
AND3_X1,0b00000001,3input0x1B_X1_DH_N,0b01101001,IMPOSSIBLE_AFFINE,,,,base+INV is closed under affine class L (Post's lattice); target is non-affine,0.00
AND3_X1,0b00000001,3input0x1C_X1,0b01101010,OK,4,0,4,,0.51
AND3_X1,0b00000001,3input0x1D_X1_DH_N,0b01101011,OK,5,0,5,,1.03
AND3_X1,0b00000001,3input0x1E_X1,0b01101110,OK,3,0,3,,0.31
AND3_X1,0b00000001,3input0x1F_X1_DH_N,0b01101111,OK,2,2,4,,0.60
AND3_X1,0b00000001,3input0x20_X1,0b01111110,OK,5,0,5,,0.87
AND3_X1,0b00000001,OR3_X1,0b01111111,OK,1,4,5,,1.13
AND3_X1,0b00000001,3input0x23_X1,0b10000001,OK,4,0,4,,0.37
AND3_X1,0b00000001,3input0x24_X1,0b10000010,OK,4,0,4,,0.39
AND3_X1,0b00000001,3input0x25_X1,0b10000011,OK,2,1,3,,0.27
AND3_X1,0b00000001,3input0x26_X1,0b10000110,OK,4,0,4,,0.42
AND3_X1,0b00000001,3input0x27_X1,0b10000111,OK,3,1,4,,0.78
AND3_X1,0b00000001,3input0x28_X1,0b10001001,OK,4,0,4,,0.62
AND3_X1,0b00000001,3input0x29_X1,0b10001010,OK,4,0,4,,0.64
AND3_X1,0b00000001,3input0x2A_X1,0b10001011,OK,3,0,3,,0.21
AND3_X1,0b00000001,3input0x2B_X1,0b10001110,TIMEOUT,,,,,76.75
AND3_X1,0b00000001,3input0x2C_X1,0b10001111,OK,3,2,5,,1.07
AND3_X1,0b00000001,3input0x2D_X1_DH_N,0b10010110,IMPOSSIBLE_AFFINE,,,,base+INV is closed under affine class L (Post's lattice); target is non-affine,0.00
AND3_X1,0b00000001,3input0x2E_X1,0b10010111,OK,3,3,6,,5.32
AND3_X1,0b00000001,3input0x2F_X1,0b10011000,OK,4,0,4,,0.42
AND3_X1,0b00000001,3input0x30_X1,0b10011010,OK,4,0,4,,0.57
AND3_X1,0b00000001,3input0x31_X1,0b10011011,OK,4,0,4,,0.58
AND3_X1,0b00000001,3input0x32_X1,0b10011110,OK,4,0,4,,0.74
AND3_X1,0b00000001,3input0x33_X1,0b10011111,OK,2,3,5,,1.06
AND3_X1,0b00000001,AOI21_X1,0b10101000,OK,2,1,3,,0.28
AND3_X1,0b00000001,3input0x35_X1,0b10101001,OK,2,1,3,,0.25
AND3_X1,0b00000001,3input0x36_X1,0b10101011,OK,5,0,5,,1.21
AND3_X1,0b00000001,3input0x37_X1,0b10101100,OK,2,1,3,,0.26
AND3_X1,0b00000001,3input0x38_X1,0b10101101,OK,2,1,3,,0.24
AND3_X1,0b00000001,3input0x39_X1,0b10101110,OK,4,0,4,,0.54
AND3_X1,0b00000001,3input0x3A_X1,0b10111100,OK,4,0,4,,0.77
AND3_X1,0b00000001,3input0x3B_X1,0b10111101,OK,5,0,5,,1.33
AND3_X1,0b00000001,3input0x3C_X1,0b10111110,OK,3,1,4,,0.72
AND3_X1,0b00000001,3input0x3D_X1,0b10111111,OK,1,3,4,,0.82
AND3_X1,0b00000001,3input0x3E_X1,0b11101000,TIMEOUT,,,,,49.49
AND3_X1,0b00000001,3input0x3F_X1,0b11101001,OK,4,1,5,,2.44
AND3_X1,0b00000001,OAI21_X1,0b11101010,OK,5,0,5,,0.79
AND3_X1,0b00000001,3input0x41_X1,0b11101011,OK,3,1,4,,0.59
AND3_X1,0b00000001,3input0x42_X1,0b11101111,OK,1,2,3,,0.31
AND3_X1,0b00000001,NAND3_X1,0b11111110,OK,1,1,2,,0.14
AND3_X1,0b00000001,AOI211_X1,0b1000100010000000,OK,3,1,4,,0.73
AND3_X1,0b00000001,AOI22_X1,0b1110111011100000,OK,3,1,4,,0.94
AND3_X1,0b00000001,OAI22_X1,0b1111100010001000,OK,3,1,4,,0.79
AND3_X1,0b00000001,OAI211_X1,0b1111111011101110,OK,1,2,3,,0.51
3input0x1_X1,0b00010000,AND3_X1,0b00000001,OK,1,1,2,,0.07
3input0x1_X1,0b00010000,OR3_X1,0b01111111,OK,1,3,4,,0.56
3input0x1_X1,0b00010000,AOI21_X1,0b10101000,OK,3,0,3,,0.19
3input0x1_X1,0b00010000,OAI21_X1,0b11101010,OK,5,0,5,,0.76
3input0x1_X1,0b00010000,NAND3_X1,0b11111110,OK,2,1,3,,0.26
3input0x1_X1,0b00010000,AOI211_X1,0b1000100010000000,OK,2,1,3,,0.27
3input0x1_X1,0b00010000,AOI22_X1,0b1110111011100000,OK,3,1,4,,0.79
3input0x1_X1,0b00010000,OAI22_X1,0b1111100010001000,OK,2,1,3,,0.43
3input0x1_X1,0b00010000,OAI211_X1,0b1111111011101110,OK,1,2,3,,0.47
3input0x2_X1,0b00010100,AND3_X1,0b00000001,OK,3,4,7,,1.91
3input0x2_X1,0b00010100,OR3_X1,0b01111111,OK,4,5,9,,21.20
3input0x2_X1,0b00010100,AOI21_X1,0b10101000,OK,4,0,4,,0.40
3input0x2_X1,0b00010100,OAI21_X1,0b11101010,OK,5,0,5,,0.75
3input0x2_X1,0b00010100,NAND3_X1,0b11111110,OK,5,0,5,,0.79
3input0x2_X1,0b00010100,AOI211_X1,0b1000100010000000,OK,2,1,3,,0.34
3input0x2_X1,0b00010100,AOI22_X1,0b1110111011100000,OK,3,1,4,,0.87
3input0x2_X1,0b00010100,OAI22_X1,0b1111100010001000,OK,3,1,4,,0.96
3input0x2_X1,0b00010100,OAI211_X1,0b1111111011101110,OK,2,2,4,,0.95
3input0x3_X1,0b00010101,AND3_X1,0b00000001,OK,2,4,6,,1.10
3input0x3_X1,0b00010101,OR3_X1,0b01111111,OK,2,4,6,,1.55
3input0x3_X1,0b00010101,AOI21_X1,0b10101000,OK,3,0,3,,0.23
3input0x3_X1,0b00010101,OAI21_X1,0b11101010,OK,1,1,2,,0.12
3input0x3_X1,0b00010101,NAND3_X1,0b11111110,OK,4,0,4,,0.50
3input0x3_X1,0b00010101,AOI211_X1,0b1000100010000000,OK,3,1,4,,0.43
3input0x3_X1,0b00010101,AOI22_X1,0b1110111011100000,OK,3,1,4,,0.71
3input0x3_X1,0b00010101,OAI22_X1,0b1111100010001000,OK,3,1,4,,0.60
3input0x3_X1,0b00010101,OAI211_X1,0b1111111011101110,OK,3,1,4,,1.05
3input0x8_X1,0b00010110,AND3_X1,0b00000001,TIMEOUT,,,,,43.92
3input0x8_X1,0b00010110,OR3_X1,0b01111111,TIMEOUT,,,,,56.27
3input0x8_X1,0b00010110,AOI21_X1,0b10101000,OK,5,0,5,,0.64
3input0x8_X1,0b00010110,OAI21_X1,0b11101010,OK,5,0,5,,0.94
3input0x8_X1,0b00010110,NAND3_X1,0b11111110,OK,5,0,5,,0.93
3input0x8_X1,0b00010110,AOI211_X1,0b1000100010000000,OK,5,1,6,,1.46
3input0x8_X1,0b00010110,AOI22_X1,0b1110111011100000,OK,4,1,5,,1.73
3input0x8_X1,0b00010110,OAI22_X1,0b1111100010001000,OK,4,1,5,,1.44
3input0x8_X1,0b00010110,OAI211_X1,0b1111111011101110,OK,4,1,5,,1.57
3input0x9_X1,0b00010111,AND3_X1,0b00000001,OK,4,5,9,,31.16
3input0x9_X1,0b00010111,OR3_X1,0b01111111,TIMEOUT,,,,,41.18
3input0x9_X1,0b00010111,AOI21_X1,0b10101000,OK,3,0,3,,0.19
3input0x9_X1,0b00010111,OAI21_X1,0b11101010,OK,3,0,3,,0.30
3input0x9_X1,0b00010111,NAND3_X1,0b11111110,OK,5,0,5,,0.88
3input0x9_X1,0b00010111,AOI211_X1,0b1000100010000000,OK,3,1,4,,0.59
3input0x9_X1,0b00010111,AOI22_X1,0b1110111011100000,OK,3,1,4,,0.94
3input0x9_X1,0b00010111,OAI22_X1,0b1111100010001000,OK,3,1,4,,1.13
3input0x9_X1,0b00010111,OAI211_X1,0b1111111011101110,OK,3,1,4,,1.13
3input0xA_X1,0b00011000,AND3_X1,0b00000001,TIMEOUT,,,,,56.39
3input0xA_X1,0b00011000,OR3_X1,0b01111111,OK,3,6,9,,17.20
3input0xA_X1,0b00011000,AOI21_X1,0b10101000,OK,4,0,4,,0.40
3input0xA_X1,0b00011000,OAI21_X1,0b11101010,OK,5,0,5,,0.97
3input0xA_X1,0b00011000,NAND3_X1,0b11111110,OK,5,1,6,,1.36
3input0xA_X1,0b00011000,AOI211_X1,0b1000100010000000,OK,4,1,5,,0.80
3input0xA_X1,0b00011000,AOI22_X1,0b1110111011100000,OK,3,1,4,,0.80
3input0xA_X1,0b00011000,OAI22_X1,0b1111100010001000,OK,3,1,4,,0.86
3input0xA_X1,0b00011000,OAI211_X1,0b1111111011101110,OK,4,1,5,,1.29
3input0xB_X1,0b00011001,AND3_X1,0b00000001,OK,3,6,9,,29.79
3input0xB_X1,0b00011001,OR3_X1,0b01111111,OK,3,6,9,,29.22
3input0xB_X1,0b00011001,AOI21_X1,0b10101000,OK,2,1,3,,0.17
3input0xB_X1,0b00011001,OAI21_X1,0b11101010,OK,4,0,4,,0.41
3input0xB_X1,0b00011001,NAND3_X1,0b11111110,OK,6,0,6,,1.17
3input0xB_X1,0b00011001,AOI211_X1,0b1000100010000000,OK,3,1,4,,0.51
3input0xB_X1,0b00011001,AOI22_X1,0b1110111011100000,OK,3,1,4,,0.79
3input0xB_X1,0b00011001,OAI22_X1,0b1111100010001000,OK,3,1,4,,0.70
3input0xB_X1,0b00011001,OAI211_X1,0b1111111011101110,OK,4,1,5,,1.05
3input0xC_X1,0b00011010,AND3_X1,0b00000001,OK,4,5,9,,10.57
3input0xC_X1,0b00011010,OR3_X1,0b01111111,OK,3,6,9,,18.36
3input0xC_X1,0b00011010,AOI21_X1,0b10101000,OK,2,0,2,,0.08
3input0xC_X1,0b00011010,OAI21_X1,0b11101010,OK,4,0,4,,0.40
3input0xC_X1,0b00011010,NAND3_X1,0b11111110,OK,6,0,6,,1.09
3input0xC_X1,0b00011010,AOI211_X1,0b1000100010000000,OK,3,1,4,,0.49
3input0xC_X1,0b00011010,AOI22_X1,0b1110111011100000,OK,2,1,3,,0.34
3input0xC_X1,0b00011010,OAI22_X1,0b1111100010001000,OK,3,1,4,,0.66
3input0xC_X1,0b00011010,OAI211_X1,0b1111111011101110,OK,3,1,4,,0.67
3input0xD_X1,0b00011011,AND3_X1,0b00000001,OK,4,5,9,,13.31
3input0xD_X1,0b00011011,OR3_X1,0b01111111,OK,4,5,9,,20.79
3input0xD_X1,0b00011011,AOI21_X1,0b10101000,OK,3,0,3,,0.20
3input0xD_X1,0b00011011,OAI21_X1,0b11101010,OK,3,0,3,,0.21
3input0xD_X1,0b00011011,NAND3_X1,0b11111110,OK,5,0,5,,0.81
3input0xD_X1,0b00011011,AOI211_X1,0b1000100010000000,OK,3,1,4,,0.81
3input0xD_X1,0b00011011,AOI22_X1,0b1110111011100000,OK,1,2,3,,0.38
3input0xD_X1,0b00011011,OAI22_X1,0b1111100010001000,OK,1,2,3,,0.34
3input0xD_X1,0b00011011,OAI211_X1,0b1111111011101110,OK,3,1,4,,0.86
3input0xE_X1,0b00011110,AND3_X1,0b00000001,OK,4,5,9,,10.29
3input0xE_X1,0b00011110,OR3_X1,0b01111111,TIMEOUT,,,,,53.00
3input0xE_X1,0b00011110,AOI21_X1,0b10101000,OK,4,0,4,,0.36
3input0xE_X1,0b00011110,OAI21_X1,0b11101010,OK,4,0,4,,0.43
3input0xE_X1,0b00011110,NAND3_X1,0b11111110,OK,5,0,5,,0.77
3input0xE_X1,0b00011110,AOI211_X1,0b1000100010000000,OK,4,1,5,,0.80
3input0xE_X1,0b00011110,AOI22_X1,0b1110111011100000,OK,3,1,4,,0.76
3input0xE_X1,0b00011110,OAI22_X1,0b1111100010001000,OK,4,1,5,,1.07
3input0xE_X1,0b00011110,OAI211_X1,0b1111111011101110,OK,4,1,5,,1.31
3input0xF_X1,0b00011111,AND3_X1,0b00000001,OK,2,4,6,,0.81
3input0xF_X1,0b00011111,OR3_X1,0b01111111,OK,2,4,6,,1.38
3input0xF_X1,0b00011111,AOI21_X1,0b10101000,OK,1,1,2,,0.09
3input0xF_X1,0b00011111,OAI21_X1,0b11101010,OK,3,0,3,,0.22
3input0xF_X1,0b00011111,NAND3_X1,0b11111110,OK,4,0,4,,0.46
3input0xF_X1,0b00011111,AOI211_X1,0b1000100010000000,OK,3,1,4,,0.44
3input0xF_X1,0b00011111,AOI22_X1,0b1110111011100000,OK,3,1,4,,0.69
3input0xF_X1,0b00011111,OAI22_X1,0b1111100010001000,OK,3,1,4,,0.62
3input0xF_X1,0b00011111,OAI211_X1,0b1111111011101110,OK,3,1,4,,0.80
3input0x10_X1,0b00101000,AND3_X1,0b00000001,OK,3,5,8,,4.34
3input0x10_X1,0b00101000,OR3_X1,0b01111111,OK,4,4,8,,5.36
3input0x10_X1,0b00101000,AOI21_X1,0b10101000,OK,4,0,4,,0.34
3input0x10_X1,0b00101000,OAI21_X1,0b11101010,OK,5,0,5,,0.75
3input0x10_X1,0b00101000,NAND3_X1,0b11111110,OK,5,1,6,,1.15
3input0x10_X1,0b00101000,AOI211_X1,0b1000100010000000,OK,2,1,3,,0.30
3input0x10_X1,0b00101000,AOI22_X1,0b1110111011100000,OK,4,1,5,,1.43
3input0x10_X1,0b00101000,OAI22_X1,0b1111100010001000,OK,3,1,4,,0.76
3input0x10_X1,0b00101000,OAI211_X1,0b1111111011101110,OK,2,2,4,,1.01
3input0x11_X1_DH_N,0b00101001,AND3_X1,0b00000001,TIMEOUT,,,,,64.09
3input0x11_X1_DH_N,0b00101001,OR3_X1,0b01111111,TIMEOUT,,,,,39.68
3input0x11_X1_DH_N,0b00101001,AOI21_X1,0b10101000,OK,4,0,4,,0.43
3input0x11_X1_DH_N,0b00101001,OAI21_X1,0b11101010,OK,5,0,5,,0.78
3input0x11_X1_DH_N,0b00101001,NAND3_X1,0b11111110,OK,6,0,6,,1.83
3input0x11_X1_DH_N,0b00101001,AOI211_X1,0b1000100010000000,OK,4,1,5,,1.34
3input0x11_X1_DH_N,0b00101001,AOI22_X1,0b1110111011100000,OK,4,1,5,,1.49
3input0x11_X1_DH_N,0b00101001,OAI22_X1,0b1111100010001000,OK,4,1,5,,1.67
3input0x11_X1_DH_N,0b00101001,OAI211_X1,0b1111111011101110,OK,4,1,5,,1.39
3input0x12_X1,0b00101010,AND3_X1,0b00000001,OK,2,5,7,,2.31
3input0x12_X1,0b00101010,OR3_X1,0b01111111,OK,2,3,5,,1.09
3input0x12_X1,0b00101010,AOI21_X1,0b10101000,OK,3,0,3,,0.34
3input0x12_X1,0b00101010,OAI21_X1,0b11101010,OK,3,0,3,,0.26
3input0x12_X1,0b00101010,NAND3_X1,0b11111110,OK,4,1,5,,0.78
3input0x12_X1,0b00101010,AOI211_X1,0b1000100010000000,OK,2,1,3,,0.27
3input0x12_X1,0b00101010,AOI22_X1,0b1110111011100000,OK,3,1,4,,0.71
3input0x12_X1,0b00101010,OAI22_X1,0b1111100010001000,OK,3,1,4,,0.73
3input0x12_X1,0b00101010,OAI211_X1,0b1111111011101110,OK,3,1,4,,1.18
3input0x13_X1,0b00101011,AND3_X1,0b00000001,OK,4,5,9,,19.21
3input0x13_X1,0b00101011,OR3_X1,0b01111111,OK,4,5,9,,26.32
3input0x13_X1,0b00101011,AOI21_X1,0b10101000,OK,4,0,4,,0.40
3input0x13_X1,0b00101011,OAI21_X1,0b11101010,OK,4,0,4,,0.38
3input0x13_X1,0b00101011,NAND3_X1,0b11111110,OK,4,1,5,,0.80
3input0x13_X1,0b00101011,AOI211_X1,0b1000100010000000,OK,3,1,4,,0.56
3input0x13_X1,0b00101011,AOI22_X1,0b1110111011100000,OK,3,1,4,,0.77
3input0x13_X1,0b00101011,OAI22_X1,0b1111100010001000,OK,3,1,4,,0.79
3input0x13_X1,0b00101011,OAI211_X1,0b1111111011101110,OK,3,1,4,,0.98
3input0x14_X1,0b00101100,AND3_X1,0b00000001,OK,4,5,9,,19.69
3input0x14_X1,0b00101100,OR3_X1,0b01111111,OK,3,5,8,,4.46
3input0x14_X1,0b00101100,AOI21_X1,0b10101000,OK,3,0,3,,0.24
3input0x14_X1,0b00101100,OAI21_X1,0b11101010,OK,3,0,3,,0.22
3input0x14_X1,0b00101100,NAND3_X1,0b11111110,OK,5,1,6,,1.43
3input0x14_X1,0b00101100,AOI211_X1,0b1000100010000000,OK,3,1,4,,0.70
3input0x14_X1,0b00101100,AOI22_X1,0b1110111011100000,OK,3,1,4,,0.92
3input0x14_X1,0b00101100,OAI22_X1,0b1111100010001000,OK,2,1,3,,0.44
3input0x14_X1,0b00101100,OAI211_X1,0b1111111011101110,OK,4,1,5,,1.23
3input0x15_X1_DH_P,0b00101101,AND3_X1,0b00000001,TIMEOUT,,,,,59.59
3input0x15_X1_DH_P,0b00101101,OR3_X1,0b01111111,TIMEOUT,,,,,38.74
3input0x15_X1_DH_P,0b00101101,AOI21_X1,0b10101000,OK,4,0,4,,0.30
3input0x15_X1_DH_P,0b00101101,OAI21_X1,0b11101010,OK,4,0,4,,0.55
3input0x15_X1_DH_P,0b00101101,NAND3_X1,0b11111110,OK,6,0,6,,1.33
3input0x15_X1_DH_P,0b00101101,AOI211_X1,0b1000100010000000,OK,4,1,5,,0.81
3input0x15_X1_DH_P,0b00101101,AOI22_X1,0b1110111011100000,OK,4,1,5,,1.66
3input0x15_X1_DH_P,0b00101101,OAI22_X1,0b1111100010001000,OK,4,1,5,,1.46
3input0x15_X1_DH_P,0b00101101,OAI211_X1,0b1111111011101110,OK,4,1,5,,1.76
3input0x16_X1,0b00101110,AND3_X1,0b00000001,OK,4,5,9,,9.35
3input0x16_X1,0b00101110,OR3_X1,0b01111111,OK,4,5,9,,11.52
3input0x16_X1,0b00101110,AOI21_X1,0b10101000,OK,3,0,3,,0.20
3input0x16_X1,0b00101110,OAI21_X1,0b11101010,OK,3,0,3,,0.21
3input0x16_X1,0b00101110,NAND3_X1,0b11111110,OK,6,0,6,,1.40
3input0x16_X1,0b00101110,AOI211_X1,0b1000100010000000,OK,3,1,4,,0.55
3input0x16_X1,0b00101110,AOI22_X1,0b1110111011100000,OK,2,1,3,,0.42
3input0x16_X1,0b00101110,OAI22_X1,0b1111100010001000,OK,2,1,3,,0.52
3input0x16_X1,0b00101110,OAI211_X1,0b1111111011101110,OK,3,1,4,,0.84
3input0x17_X1,0b00101111,AND3_X1,0b00000001,OK,2,5,7,,2.03
3input0x17_X1,0b00101111,OR3_X1,0b01111111,OK,2,3,5,,1.63
3input0x17_X1,0b00101111,AOI21_X1,0b10101000,OK,3,0,3,,0.23
3input0x17_X1,0b00101111,OAI21_X1,0b11101010,OK,3,0,3,,0.27
3input0x17_X1,0b00101111,NAND3_X1,0b11111110,OK,5,0,5,,0.69
3input0x17_X1,0b00101111,AOI211_X1,0b1000100010000000,OK,3,1,4,,0.43
3input0x17_X1,0b00101111,AOI22_X1,0b1110111011100000,OK,3,1,4,,0.78
3input0x17_X1,0b00101111,OAI22_X1,0b1111100010001000,OK,3,1,4,,0.57
3input0x17_X1,0b00101111,OAI211_X1,0b1111111011101110,OK,3,1,4,,0.86
3input0x18_X1,0b00111101,AND3_X1,0b00000001,OK,3,6,9,,23.89
3input0x18_X1,0b00111101,OR3_X1,0b01111111,OK,3,6,9,,37.54
3input0x18_X1,0b00111101,AOI21_X1,0b10101000,OK,4,0,4,,0.38
3input0x18_X1,0b00111101,OAI21_X1,0b11101010,OK,2,1,3,,0.21
3input0x18_X1,0b00111101,NAND3_X1,0b11111110,OK,5,0,5,,0.89
3input0x18_X1,0b00111101,AOI211_X1,0b1000100010000000,OK,4,1,5,,0.76
3input0x18_X1,0b00111101,AOI22_X1,0b1110111011100000,OK,3,1,4,,0.96
3input0x18_X1,0b00111101,OAI22_X1,0b1111100010001000,OK,3,1,4,,0.72
3input0x18_X1,0b00111101,OAI211_X1,0b1111111011101110,OK,3,1,4,,1.01
3input0x19_X1,0b00111110,AND3_X1,0b00000001,OK,3,5,8,,3.59
3input0x19_X1,0b00111110,OR3_X1,0b01111111,OK,4,5,9,,21.30
3input0x19_X1,0b00111110,AOI21_X1,0b10101000,OK,3,1,4,,0.54
3input0x19_X1,0b00111110,OAI21_X1,0b11101010,OK,4,0,4,,0.53
3input0x19_X1,0b00111110,NAND3_X1,0b11111110,OK,5,0,5,,0.68
3input0x19_X1,0b00111110,AOI211_X1,0b1000100010000000,OK,4,1,5,,0.90
3input0x19_X1,0b00111110,AOI22_X1,0b1110111011100000,OK,3,1,4,,0.69
3input0x19_X1,0b00111110,OAI22_X1,0b1111100010001000,OK,4,1,5,,1.05
3input0x19_X1,0b00111110,OAI211_X1,0b1111111011101110,OK,4,1,5,,1.33
3input0x4_X1,0b01000000,AND3_X1,0b00000001,OK,1,2,3,,0.14
3input0x4_X1,0b01000000,OR3_X1,0b01111111,OK,1,2,3,,0.34
3input0x4_X1,0b01000000,AOI21_X1,0b10101000,OK,4,0,4,,0.35
3input0x4_X1,0b01000000,OAI21_X1,0b11101010,OK,4,0,4,,0.38
3input0x4_X1,0b01000000,NAND3_X1,0b11111110,OK,2,2,4,,0.58
3input0x4_X1,0b01000000,AOI211_X1,0b1000100010000000,OK,1,1,2,,0.13
3input0x4_X1,0b01000000,AOI22_X1,0b1110111011100000,OK,2,2,4,,1.03
3input0x4_X1,0b01000000,OAI22_X1,0b1111100010001000,OK,2,1,3,,0.36
3input0x4_X1,0b01000000,OAI211_X1,0b1111111011101110,OK,2,2,4,,1.22
3input0x5_X1,0b01000001,AND3_X1,0b00000001,OK,4,3,7,,2.64
3input0x5_X1,0b01000001,OR3_X1,0b01111111,OK,4,5,9,,23.24
3input0x5_X1,0b01000001,AOI21_X1,0b10101000,OK,4,0,4,,0.42
3input0x5_X1,0b01000001,OAI21_X1,0b11101010,OK,5,0,5,,0.81
3input0x5_X1,0b01000001,NAND3_X1,0b11111110,OK,4,1,5,,1.05
3input0x5_X1,0b01000001,AOI211_X1,0b1000100010000000,OK,3,1,4,,0.46
3input0x5_X1,0b01000001,AOI22_X1,0b1110111011100000,OK,3,1,4,,0.64
3input0x5_X1,0b01000001,OAI22_X1,0b1111100010001000,OK,3,1,4,,0.86
3input0x5_X1,0b01000001,OAI211_X1,0b1111111011101110,OK,2,2,4,,0.81
3input0x6_X1,0b01010001,AND3_X1,0b00000001,OK,2,3,5,,0.59
3input0x6_X1,0b01010001,OR3_X1,0b01111111,OK,2,5,7,,2.53
3input0x6_X1,0b01010001,AOI21_X1,0b10101000,OK,3,0,3,,0.18
3input0x6_X1,0b01010001,OAI21_X1,0b11101010,OK,3,0,3,,0.37
3input0x6_X1,0b01010001,NAND3_X1,0b11111110,OK,5,0,5,,0.98
3input0x6_X1,0b01010001,AOI211_X1,0b1000100010000000,OK,3,1,4,,0.87
3input0x6_X1,0b01010001,AOI22_X1,0b1110111011100000,OK,3,1,4,,0.79
3input0x6_X1,0b01010001,OAI22_X1,0b1111100010001000,OK,3,1,4,,0.76
3input0x6_X1,0b01010001,OAI211_X1,0b1111111011101110,OK,3,1,4,,0.89
3input0x7_X1,0b01010100,AND3_X1,0b00000001,OK,2,2,4,,0.92
3input0x7_X1,0b01010100,OR3_X1,0b01111111,OK,4,4,8,,4.45
3input0x7_X1,0b01010100,AOI21_X1,0b10101000,OK,2,0,2,,0.09
3input0x7_X1,0b01010100,OAI21_X1,0b11101010,OK,4,0,4,,0.52
3input0x7_X1,0b01010100,NAND3_X1,0b11111110,OK,3,1,4,,0.45
3input0x7_X1,0b01010100,AOI211_X1,0b1000100010000000,OK,2,1,3,,0.36
3input0x7_X1,0b01010100,AOI22_X1,0b1110111011100000,OK,2,1,3,,0.61
3input0x7_X1,0b01010100,OAI22_X1,0b1111100010001000,OK,2,1,3,,0.53
3input0x7_X1,0b01010100,OAI211_X1,0b1111111011101110,OK,2,2,4,,0.87
3input0x1A_X1,0b01101000,AND3_X1,0b00000001,TIMEOUT,,,,,38.03
3input0x1A_X1,0b01101000,OR3_X1,0b01111111,TIMEOUT,,,,,39.46
3input0x1A_X1,0b01101000,AOI21_X1,0b10101000,OK,5,0,5,,1.36
3input0x1A_X1,0b01101000,OAI21_X1,0b11101010,OK,5,0,5,,0.71
3input0x1A_X1,0b01101000,NAND3_X1,0b11111110,OK,4,3,7,,4.59
3input0x1A_X1,0b01101000,AOI211_X1,0b1000100010000000,OK,4,1,5,,1.12
3input0x1A_X1,0b01101000,AOI22_X1,0b1110111011100000,OK,5,1,6,,4.92
3input0x1A_X1,0b01101000,OAI22_X1,0b1111100010001000,OK,3,1,4,,0.80
3input0x1A_X1,0b01101000,OAI211_X1,0b1111111011101110,OK,5,1,6,,3.39
3input0x1B_X1_DH_N,0b01101001,AND3_X1,0b00000001,TIMEOUT,,,,,40.26
3input0x1B_X1_DH_N,0b01101001,OR3_X1,0b01111111,TIMEOUT,,,,,65.61
3input0x1B_X1_DH_N,0b01101001,AOI21_X1,0b10101000,OK,6,0,6,,1.42
3input0x1B_X1_DH_N,0b01101001,OAI21_X1,0b11101010,OK,6,0,6,,2.07
3input0x1B_X1_DH_N,0b01101001,NAND3_X1,0b11111110,OK,8,0,8,,6.06
3input0x1B_X1_DH_N,0b01101001,AOI211_X1,0b1000100010000000,OK,5,1,6,,1.66
3input0x1B_X1_DH_N,0b01101001,AOI22_X1,0b1110111011100000,OK,4,1,5,,2.32
3input0x1B_X1_DH_N,0b01101001,OAI22_X1,0b1111100010001000,OK,4,1,5,,1.42
3input0x1B_X1_DH_N,0b01101001,OAI211_X1,0b1111111011101110,OK,5,1,6,,3.27
3input0x1C_X1,0b01101010,AND3_X1,0b00000001,TIMEOUT,,,,,53.87
3input0x1C_X1,0b01101010,OR3_X1,0b01111111,OK,4,4,8,,4.52
3input0x1C_X1,0b01101010,AOI21_X1,0b10101000,OK,4,0,4,,0.33
3input0x1C_X1,0b01101010,OAI21_X1,0b11101010,OK,4,0,4,,0.70
3input0x1C_X1,0b01101010,NAND3_X1,0b11111110,OK,7,0,7,,2.43
3input0x1C_X1,0b01101010,AOI211_X1,0b1000100010000000,OK,4,1,5,,0.82
3input0x1C_X1,0b01101010,AOI22_X1,0b1110111011100000,OK,4,1,5,,1.01
3input0x1C_X1,0b01101010,OAI22_X1,0b1111100010001000,OK,3,1,4,,0.64
3input0x1C_X1,0b01101010,OAI211_X1,0b1111111011101110,OK,4,1,5,,1.34
3input0x1D_X1_DH_N,0b01101011,AND3_X1,0b00000001,TIMEOUT,,,,,62.53
3input0x1D_X1_DH_N,0b01101011,OR3_X1,0b01111111,TIMEOUT,,,,,37.93
3input0x1D_X1_DH_N,0b01101011,AOI21_X1,0b10101000,OK,5,0,5,,0.64
3input0x1D_X1_DH_N,0b01101011,OAI21_X1,0b11101010,OK,4,0,4,,0.40
3input0x1D_X1_DH_N,0b01101011,NAND3_X1,0b11111110,OK,7,0,7,,2.22
3input0x1D_X1_DH_N,0b01101011,AOI211_X1,0b1000100010000000,OK,4,1,5,,0.90
3input0x1D_X1_DH_N,0b01101011,AOI22_X1,0b1110111011100000,OK,4,1,5,,1.39
3input0x1D_X1_DH_N,0b01101011,OAI22_X1,0b1111100010001000,OK,4,1,5,,1.10
3input0x1D_X1_DH_N,0b01101011,OAI211_X1,0b1111111011101110,OK,4,1,5,,1.32
3input0x1E_X1,0b01101110,AND3_X1,0b00000001,OK,3,6,9,,24.85
3input0x1E_X1,0b01101110,OR3_X1,0b01111111,OK,5,4,9,,9.48
3input0x1E_X1,0b01101110,AOI21_X1,0b10101000,OK,3,1,4,,0.38
3input0x1E_X1,0b01101110,OAI21_X1,0b11101010,OK,2,1,3,,0.22
3input0x1E_X1,0b01101110,NAND3_X1,0b11111110,OK,6,0,6,,1.14
3input0x1E_X1,0b01101110,AOI211_X1,0b1000100010000000,OK,3,1,4,,0.45
3input0x1E_X1,0b01101110,AOI22_X1,0b1110111011100000,OK,3,1,4,,0.71
3input0x1E_X1,0b01101110,OAI22_X1,0b1111100010001000,OK,2,1,3,,0.22
3input0x1E_X1,0b01101110,OAI211_X1,0b1111111011101110,OK,3,1,4,,0.72
3input0x1F_X1_DH_N,0b01101111,AND3_X1,0b00000001,OK,4,5,9,,14.77
3input0x1F_X1_DH_N,0b01101111,OR3_X1,0b01111111,OK,4,3,7,,2.10
3input0x1F_X1_DH_N,0b01101111,AOI21_X1,0b10101000,OK,5,0,5,,0.48
3input0x1F_X1_DH_N,0b01101111,OAI21_X1,0b11101010,OK,4,0,4,,0.29
3input0x1F_X1_DH_N,0b01101111,NAND3_X1,0b11111110,OK,4,1,5,,0.60
3input0x1F_X1_DH_N,0b01101111,AOI211_X1,0b1000100010000000,OK,2,2,4,,0.47
3input0x1F_X1_DH_N,0b01101111,AOI22_X1,0b1110111011100000,OK,3,1,4,,0.73
3input0x1F_X1_DH_N,0b01101111,OAI22_X1,0b1111100010001000,OK,3,1,4,,0.66
3input0x1F_X1_DH_N,0b01101111,OAI211_X1,0b1111111011101110,OK,3,1,4,,0.66
3input0x20_X1,0b01111110,AND3_X1,0b00000001,OK,3,6,9,,16.27
3input0x20_X1,0b01111110,OR3_X1,0b01111111,TIMEOUT,,,,,52.53
3input0x20_X1,0b01111110,AOI21_X1,0b10101000,OK,5,0,5,,0.59
3input0x20_X1,0b01111110,OAI21_X1,0b11101010,OK,4,0,4,,0.30
3input0x20_X1,0b01111110,NAND3_X1,0b11111110,OK,6,0,6,,1.22
3input0x20_X1,0b01111110,AOI211_X1,0b1000100010000000,OK,4,1,5,,0.86
3input0x20_X1,0b01111110,AOI22_X1,0b1110111011100000,OK,4,1,5,,1.13
3input0x20_X1,0b01111110,OAI22_X1,0b1111100010001000,OK,4,1,5,,1.21
3input0x20_X1,0b01111110,OAI211_X1,0b1111111011101110,OK,4,1,5,,1.38
OR3_X1,0b01111111,AND2_X1,0b0001,OK,2,4,6,,0.64
OR3_X1,0b01111111,2input0x1_X1,0b0100,OK,2,2,4,,0.25
OR3_X1,0b01111111,OR2_X1,0b0111,OK,2,0,2,,0.07
OR3_X1,0b01111111,XNOR2_X1,0b1001,IMPOSSIBLE_AFFINE,,,,base+INV is closed under affine class L (Post's lattice); target is non-affine,0.00
OR3_X1,0b01111111,2input0x6_X1,0b1101,OK,4,0,4,,0.27
OR3_X1,0b01111111,HA_X1,0b1110,OK,5,1,6,,1.11
OR3_X1,0b01111111,AND3_X1,0b00000001,OK,1,4,5,,0.46
OR3_X1,0b01111111,3input0x1_X1,0b00010000,OK,1,3,4,,0.38
OR3_X1,0b01111111,3input0x2_X1,0b00010100,OK,2,3,5,,0.68
OR3_X1,0b01111111,3input0x3_X1,0b00010101,OK,3,2,5,,0.75
OR3_X1,0b01111111,3input0x8_X1,0b00010110,OK,3,3,6,,3.41
OR3_X1,0b01111111,3input0x9_X1,0b00010111,TIMEOUT,,,,,55.28
OR3_X1,0b01111111,3input0xA_X1,0b00011000,OK,5,0,5,,0.81
OR3_X1,0b01111111,3input0xB_X1,0b00011001,OK,3,1,4,,0.53
OR3_X1,0b01111111,3input0xC_X1,0b00011010,OK,4,0,4,,0.35
OR3_X1,0b01111111,3input0xD_X1,0b00011011,OK,2,1,3,,0.24
OR3_X1,0b01111111,3input0xE_X1,0b00011110,OK,3,1,4,,0.66
OR3_X1,0b01111111,3input0xF_X1,0b00011111,OK,2,1,3,,0.38
OR3_X1,0b01111111,3input0x10_X1,0b00101000,OK,3,1,4,,0.34
OR3_X1,0b01111111,3input0x11_X1_DH_N,0b00101001,OK,5,0,5,,0.85
OR3_X1,0b01111111,3input0x12_X1,0b00101010,OK,5,0,5,,0.59
OR3_X1,0b01111111,3input0x13_X1,0b00101011,TIMEOUT,,,,,53.33
OR3_X1,0b01111111,3input0x14_X1,0b00101100,OK,2,1,3,,0.25
OR3_X1,0b01111111,3input0x15_X1_DH_P,0b00101101,OK,3,0,3,,0.30
OR3_X1,0b01111111,3input0x16_X1,0b00101110,OK,3,0,3,,0.27
OR3_X1,0b01111111,3input0x17_X1,0b00101111,OK,2,0,2,,0.16
OR3_X1,0b01111111,3input0x18_X1,0b00111101,OK,3,0,3,,0.37
OR3_X1,0b01111111,3input0x19_X1,0b00111110,OK,2,1,3,,0.30
OR3_X1,0b01111111,3input0x4_X1,0b01000000,OK,1,2,3,,0.25
OR3_X1,0b01111111,3input0x5_X1,0b01000001,OK,2,2,4,,0.35
OR3_X1,0b01111111,3input0x6_X1,0b01010001,OK,2,2,4,,0.66
OR3_X1,0b01111111,3input0x7_X1,0b01010100,OK,3,2,5,,0.75
OR3_X1,0b01111111,3input0x1A_X1,0b01101000,OK,4,1,5,,1.82
OR3_X1,0b01111111,3input0x1B_X1_DH_N,0b01101001,IMPOSSIBLE_AFFINE,,,,base+INV is closed under affine class L (Post's lattice); target is non-affine,0.00
OR3_X1,0b01111111,3input0x1C_X1,0b01101010,OK,2,1,3,,0.32
OR3_X1,0b01111111,3input0x1D_X1_DH_N,0b01101011,OK,3,0,3,,0.25
OR3_X1,0b01111111,3input0x1E_X1,0b01101110,OK,4,0,4,,0.42
OR3_X1,0b01111111,3input0x1F_X1_DH_N,0b01101111,OK,2,0,2,,0.18
OR3_X1,0b01111111,3input0x20_X1,0b01111110,OK,4,0,4,,0.67
OR3_X1,0b01111111,3input0x23_X1,0b10000001,OK,5,0,5,,0.95
OR3_X1,0b01111111,3input0x24_X1,0b10000010,OK,3,1,4,,0.34
OR3_X1,0b01111111,3input0x25_X1,0b10000011,OK,4,0,4,,0.61
OR3_X1,0b01111111,3input0x26_X1,0b10000110,OK,4,0,4,,0.50
OR3_X1,0b01111111,3input0x27_X1,0b10000111,OK,3,0,3,,0.20
OR3_X1,0b01111111,3input0x28_X1,0b10001001,OK,3,0,3,,0.26
OR3_X1,0b01111111,3input0x29_X1,0b10001010,OK,4,0,4,,0.35
OR3_X1,0b01111111,3input0x2A_X1,0b10001011,OK,3,0,3,,0.19
OR3_X1,0b01111111,3input0x2B_X1,0b10001110,TIMEOUT,,,,,63.67
OR3_X1,0b01111111,3input0x2C_X1,0b10001111,OK,3,0,3,,0.51
OR3_X1,0b01111111,3input0x2D_X1_DH_N,0b10010110,IMPOSSIBLE_AFFINE,,,,base+INV is closed under affine class L (Post's lattice); target is non-affine,0.00
OR3_X1,0b01111111,3input0x2E_X1,0b10010111,OK,3,0,3,,0.30
OR3_X1,0b01111111,3input0x2F_X1,0b10011000,OK,4,0,4,,0.53
OR3_X1,0b01111111,3input0x30_X1,0b10011010,OK,4,0,4,,0.49
OR3_X1,0b01111111,3input0x31_X1,0b10011011,OK,3,0,3,,0.21
OR3_X1,0b01111111,3input0x32_X1,0b10011110,OK,4,0,4,,0.62
OR3_X1,0b01111111,3input0x33_X1,0b10011111,OK,2,0,2,,0.16
OR3_X1,0b01111111,AOI21_X1,0b10101000,OK,5,0,5,,1.10
OR3_X1,0b01111111,3input0x35_X1,0b10101001,OK,4,0,4,,0.39
OR3_X1,0b01111111,3input0x36_X1,0b10101011,OK,5,0,5,,0.83
OR3_X1,0b01111111,3input0x37_X1,0b10101100,OK,2,1,3,,0.23
OR3_X1,0b01111111,3input0x38_X1,0b10101101,OK,3,0,3,,0.35
OR3_X1,0b01111111,3input0x39_X1,0b10101110,OK,4,0,4,,1.01
OR3_X1,0b01111111,3input0x3A_X1,0b10111100,OK,4,0,4,,0.61
OR3_X1,0b01111111,3input0x3B_X1,0b10111101,OK,3,0,3,,0.29
OR3_X1,0b01111111,3input0x3C_X1,0b10111110,OK,4,0,4,,0.63
OR3_X1,0b01111111,3input0x3D_X1,0b10111111,OK,2,0,2,,0.10
OR3_X1,0b01111111,3input0x3E_X1,0b11101000,TIMEOUT,,,,,57.21
OR3_X1,0b01111111,3input0x3F_X1,0b11101001,OK,4,0,4,,0.82
OR3_X1,0b01111111,OAI21_X1,0b11101010,OK,2,1,3,,0.32
OR3_X1,0b01111111,3input0x41_X1,0b11101011,OK,2,1,3,,0.26
OR3_X1,0b01111111,3input0x42_X1,0b11101111,OK,2,1,3,,0.28
OR3_X1,0b01111111,NAND3_X1,0b11111110,OK,2,2,4,,0.45
OR3_X1,0b01111111,AOI211_X1,0b1000100010000000,OK,1,2,3,,0.24
OR3_X1,0b01111111,AOI22_X1,0b1110111011100000,OK,3,1,4,,0.65
OR3_X1,0b01111111,OAI22_X1,0b1111100010001000,OK,3,1,4,,0.66
OR3_X1,0b01111111,OAI211_X1,0b1111111011101110,OK,3,1,4,,1.17
3input0x23_X1,0b10000001,AND3_X1,0b00000001,TIMEOUT,,,,,55.39
3input0x23_X1,0b10000001,OR3_X1,0b01111111,OK,3,6,9,,18.73
3input0x23_X1,0b10000001,AOI21_X1,0b10101000,OK,4,0,4,,0.48
3input0x23_X1,0b10000001,OAI21_X1,0b11101010,OK,5,0,5,,0.76
3input0x23_X1,0b10000001,NAND3_X1,0b11111110,OK,7,0,7,,2.16
3input0x23_X1,0b10000001,AOI211_X1,0b1000100010000000,OK,4,1,5,,1.00
3input0x23_X1,0b10000001,AOI22_X1,0b1110111011100000,OK,4,1,5,,1.19
3input0x23_X1,0b10000001,OAI22_X1,0b1111100010001000,OK,4,1,5,,1.14
3input0x23_X1,0b10000001,OAI211_X1,0b1111111011101110,OK,4,1,5,,1.28
3input0x24_X1,0b10000010,AND3_X1,0b00000001,OK,4,4,8,,8.39
3input0x24_X1,0b10000010,OR3_X1,0b01111111,OK,4,4,8,,5.46
3input0x24_X1,0b10000010,AOI21_X1,0b10101000,OK,4,0,4,,0.40
3input0x24_X1,0b10000010,OAI21_X1,0b11101010,OK,5,0,5,,0.78
3input0x24_X1,0b10000010,NAND3_X1,0b11111110,OK,4,2,6,,1.17
3input0x24_X1,0b10000010,AOI211_X1,0b1000100010000000,OK,2,1,3,,0.24
3input0x24_X1,0b10000010,AOI22_X1,0b1110111011100000,OK,4,1,5,,1.49
3input0x24_X1,0b10000010,OAI22_X1,0b1111100010001000,OK,3,1,4,,0.76
3input0x24_X1,0b10000010,OAI211_X1,0b1111111011101110,OK,4,1,5,,1.54
3input0x25_X1,0b10000011,AND3_X1,0b00000001,OK,4,5,9,,15.70
3input0x25_X1,0b10000011,OR3_X1,0b01111111,OK,3,5,8,,4.43
3input0x25_X1,0b10000011,AOI21_X1,0b10101000,OK,4,0,4,,0.47
3input0x25_X1,0b10000011,OAI21_X1,0b11101010,OK,3,1,4,,0.53
3input0x25_X1,0b10000011,NAND3_X1,0b11111110,OK,7,0,7,,1.98
3input0x25_X1,0b10000011,AOI211_X1,0b1000100010000000,OK,4,1,5,,1.11
3input0x25_X1,0b10000011,AOI22_X1,0b1110111011100000,OK,4,1,5,,1.21
3input0x25_X1,0b10000011,OAI22_X1,0b1111100010001000,OK,3,1,4,,0.82
3input0x25_X1,0b10000011,OAI211_X1,0b1111111011101110,OK,4,1,5,,1.33
3input0x26_X1,0b10000110,AND3_X1,0b00000001,TIMEOUT,,,,,38.82
3input0x26_X1,0b10000110,OR3_X1,0b01111111,TIMEOUT,,,,,40.97
3input0x26_X1,0b10000110,AOI21_X1,0b10101000,OK,5,0,5,,0.65
3input0x26_X1,0b10000110,OAI21_X1,0b11101010,OK,5,0,5,,0.79
3input0x26_X1,0b10000110,NAND3_X1,0b11111110,OK,6,1,7,,2.40
3input0x26_X1,0b10000110,AOI211_X1,0b1000100010000000,OK,4,1,5,,1.28
3input0x26_X1,0b10000110,AOI22_X1,0b1110111011100000,OK,4,1,5,,1.69
3input0x26_X1,0b10000110,OAI22_X1,0b1111100010001000,OK,3,1,4,,0.95
3input0x26_X1,0b10000110,OAI211_X1,0b1111111011101110,OK,5,1,6,,2.14
3input0x27_X1,0b10000111,AND3_X1,0b00000001,TIMEOUT,,,,,50.50
3input0x27_X1,0b10000111,OR3_X1,0b01111111,OK,4,5,9,,11.07
3input0x27_X1,0b10000111,AOI21_X1,0b10101000,OK,4,0,4,,0.40
3input0x27_X1,0b10000111,OAI21_X1,0b11101010,OK,4,0,4,,0.54
3input0x27_X1,0b10000111,NAND3_X1,0b11111110,OK,6,1,7,,2.71
3input0x27_X1,0b10000111,AOI211_X1,0b1000100010000000,OK,4,1,5,,0.94
3input0x27_X1,0b10000111,AOI22_X1,0b1110111011100000,OK,4,1,5,,1.20
3input0x27_X1,0b10000111,OAI22_X1,0b1111100010001000,OK,3,1,4,,0.83
3input0x27_X1,0b10000111,OAI211_X1,0b1111111011101110,OK,4,1,5,,1.45
3input0x28_X1,0b10001001,AND3_X1,0b00000001,OK,5,4,9,,7.31
3input0x28_X1,0b10001001,OR3_X1,0b01111111,OK,3,6,9,,26.25
3input0x28_X1,0b10001001,AOI21_X1,0b10101000,OK,2,1,3,,0.20
3input0x28_X1,0b10001001,OAI21_X1,0b11101010,OK,3,1,4,,0.45
3input0x28_X1,0b10001001,NAND3_X1,0b11111110,OK,6,0,6,,1.43
3input0x28_X1,0b10001001,AOI211_X1,0b1000100010000000,OK,3,1,4,,0.61
3input0x28_X1,0b10001001,AOI22_X1,0b1110111011100000,OK,2,1,3,,0.54
3input0x28_X1,0b10001001,OAI22_X1,0b1111100010001000,OK,3,1,4,,1.02
3input0x28_X1,0b10001001,OAI211_X1,0b1111111011101110,OK,3,1,4,,1.00
3input0x29_X1,0b10001010,AND3_X1,0b00000001,OK,2,4,6,,0.85
3input0x29_X1,0b10001010,OR3_X1,0b01111111,OK,2,4,6,,1.33
3input0x29_X1,0b10001010,AOI21_X1,0b10101000,OK,2,0,2,,0.10
3input0x29_X1,0b10001010,OAI21_X1,0b11101010,OK,2,1,3,,0.25
3input0x29_X1,0b10001010,NAND3_X1,0b11111110,OK,5,1,6,,1.29
3input0x29_X1,0b10001010,AOI211_X1,0b1000100010000000,OK,2,1,3,,0.27
3input0x29_X1,0b10001010,AOI22_X1,0b1110111011100000,OK,3,1,4,,0.70
3input0x29_X1,0b10001010,OAI22_X1,0b1111100010001000,OK,3,1,4,,0.70
3input0x29_X1,0b10001010,OAI211_X1,0b1111111011101110,OK,3,1,4,,1.08
3input0x2A_X1,0b10001011,AND3_X1,0b00000001,OK,4,5,9,,10.01
3input0x2A_X1,0b10001011,OR3_X1,0b01111111,OK,4,5,9,,9.59
3input0x2A_X1,0b10001011,AOI21_X1,0b10101000,OK,3,0,3,,0.21
3input0x2A_X1,0b10001011,OAI21_X1,0b11101010,OK,3,0,3,,0.18
3input0x2A_X1,0b10001011,NAND3_X1,0b11111110,OK,6,0,6,,1.08
3input0x2A_X1,0b10001011,AOI211_X1,0b1000100010000000,OK,3,1,4,,0.47
3input0x2A_X1,0b10001011,AOI22_X1,0b1110111011100000,OK,2,1,3,,0.45
3input0x2A_X1,0b10001011,OAI22_X1,0b1111100010001000,OK,2,1,3,,0.37
3input0x2A_X1,0b10001011,OAI211_X1,0b1111111011101110,OK,3,1,4,,0.89
3input0x2B_X1,0b10001110,AND3_X1,0b00000001,OK,4,4,8,,5.28
3input0x2B_X1,0b10001110,OR3_X1,0b01111111,OK,4,4,8,,11.38
3input0x2B_X1,0b10001110,AOI21_X1,0b10101000,OK,4,0,4,,0.45
3input0x2B_X1,0b10001110,OAI21_X1,0b11101010,OK,4,0,4,,0.46
3input0x2B_X1,0b10001110,NAND3_X1,0b11111110,OK,4,2,6,,1.11
3input0x2B_X1,0b10001110,AOI211_X1,0b1000100010000000,OK,4,1,5,,1.22
3input0x2B_X1,0b10001110,AOI22_X1,0b1110111011100000,OK,3,1,4,,0.73
3input0x2B_X1,0b10001110,OAI22_X1,0b1111100010001000,OK,3,1,4,,0.67
3input0x2B_X1,0b10001110,OAI211_X1,0b1111111011101110,OK,4,1,5,,1.87
3input0x2C_X1,0b10001111,AND3_X1,0b00000001,OK,4,4,8,,2.38
3input0x2C_X1,0b10001111,OR3_X1,0b01111111,OK,2,2,4,,0.77
3input0x2C_X1,0b10001111,AOI21_X1,0b10101000,OK,4,0,4,,0.37
3input0x2C_X1,0b10001111,OAI21_X1,0b11101010,OK,2,0,2,,0.13
3input0x2C_X1,0b10001111,NAND3_X1,0b11111110,OK,5,1,6,,1.23
3input0x2C_X1,0b10001111,AOI211_X1,0b1000100010000000,OK,2,2,4,,0.50
3input0x2C_X1,0b10001111,AOI22_X1,0b1110111011100000,OK,2,1,3,,0.40
3input0x2C_X1,0b10001111,OAI22_X1,0b1111100010001000,OK,2,1,3,,0.40
3input0x2C_X1,0b10001111,OAI211_X1,0b1111111011101110,OK,2,1,3,,0.49
3input0x2D_X1_DH_N,0b10010110,AND3_X1,0b00000001,TIMEOUT,,,,,40.11
3input0x2D_X1_DH_N,0b10010110,OR3_X1,0b01111111,TIMEOUT,,,,,69.15
3input0x2D_X1_DH_N,0b10010110,AOI21_X1,0b10101000,OK,5,0,5,,0.66
3input0x2D_X1_DH_N,0b10010110,OAI21_X1,0b11101010,OK,5,0,5,,0.83
3input0x2D_X1_DH_N,0b10010110,NAND3_X1,0b11111110,OK,8,0,8,,5.70
3input0x2D_X1_DH_N,0b10010110,AOI211_X1,0b1000100010000000,OK,5,1,6,,1.51
3input0x2D_X1_DH_N,0b10010110,AOI22_X1,0b1110111011100000,OK,4,1,5,,1.92
3input0x2D_X1_DH_N,0b10010110,OAI22_X1,0b1111100010001000,OK,4,1,5,,1.97
3input0x2D_X1_DH_N,0b10010110,OAI211_X1,0b1111111011101110,OK,5,1,6,,2.06
3input0x2E_X1,0b10010111,AND3_X1,0b00000001,TIMEOUT,,,,,50.70
3input0x2E_X1,0b10010111,OR3_X1,0b01111111,TIMEOUT,,,,,41.35
3input0x2E_X1,0b10010111,AOI21_X1,0b10101000,OK,5,0,5,,0.64
3input0x2E_X1,0b10010111,OAI21_X1,0b11101010,OK,5,0,5,,0.72
3input0x2E_X1,0b10010111,NAND3_X1,0b11111110,OK,5,2,7,,2.24
3input0x2E_X1,0b10010111,AOI211_X1,0b1000100010000000,OK,4,1,5,,1.11
3input0x2E_X1,0b10010111,AOI22_X1,0b1110111011100000,OK,4,1,5,,1.27
3input0x2E_X1,0b10010111,OAI22_X1,0b1111100010001000,OK,4,1,5,,1.31
3input0x2E_X1,0b10010111,OAI211_X1,0b1111111011101110,OK,5,1,6,,2.11
3input0x2F_X1,0b10011000,AND3_X1,0b00000001,OK,5,4,9,,10.85
3input0x2F_X1,0b10011000,OR3_X1,0b01111111,OK,3,5,8,,7.42
3input0x2F_X1,0b10011000,AOI21_X1,0b10101000,OK,4,0,4,,0.38
3input0x2F_X1,0b10011000,OAI21_X1,0b11101010,OK,3,1,4,,0.57
3input0x2F_X1,0b10011000,NAND3_X1,0b11111110,OK,5,1,6,,1.17
3input0x2F_X1,0b10011000,AOI211_X1,0b1000100010000000,OK,4,1,5,,0.90
3input0x2F_X1,0b10011000,AOI22_X1,0b1110111011100000,OK,3,1,4,,0.68
3input0x2F_X1,0b10011000,OAI22_X1,0b1111100010001000,OK,2,1,3,,0.40
3input0x2F_X1,0b10011000,OAI211_X1,0b1111111011101110,OK,3,1,4,,0.80
3input0x30_X1,0b10011010,AND3_X1,0b00000001,OK,4,5,9,,32.31
3input0x30_X1,0b10011010,OR3_X1,0b01111111,OK,4,5,9,,23.79
3input0x30_X1,0b10011010,AOI21_X1,0b10101000,OK,4,0,4,,0.29
3input0x30_X1,0b10011010,OAI21_X1,0b11101010,OK,4,0,4,,0.62
3input0x30_X1,0b10011010,NAND3_X1,0b11111110,OK,7,0,7,,1.98
3input0x30_X1,0b10011010,AOI211_X1,0b1000100010000000,OK,4,1,5,,0.84
3input0x30_X1,0b10011010,AOI22_X1,0b1110111011100000,OK,3,1,4,,0.98
3input0x30_X1,0b10011010,OAI22_X1,0b1111100010001000,OK,3,1,4,,0.65
3input0x30_X1,0b10011010,OAI211_X1,0b1111111011101110,OK,4,1,5,,0.90
3input0x31_X1,0b10011011,AND3_X1,0b00000001,OK,3,6,9,,21.22
3input0x31_X1,0b10011011,OR3_X1,0b01111111,OK,4,5,9,,22.46
3input0x31_X1,0b10011011,AOI21_X1,0b10101000,OK,4,0,4,,0.26
3input0x31_X1,0b10011011,OAI21_X1,0b11101010,OK,2,0,2,,0.11
3input0x31_X1,0b10011011,NAND3_X1,0b11111110,OK,5,1,6,,1.19
3input0x31_X1,0b10011011,AOI211_X1,0b1000100010000000,OK,3,1,4,,0.55
3input0x31_X1,0b10011011,AOI22_X1,0b1110111011100000,OK,3,1,4,,0.76
3input0x31_X1,0b10011011,OAI22_X1,0b1111100010001000,OK,2,1,3,,0.33
3input0x31_X1,0b10011011,OAI211_X1,0b1111111011101110,OK,3,1,4,,0.79
3input0x32_X1,0b10011110,AND3_X1,0b00000001,TIMEOUT,,,,,39.20
3input0x32_X1,0b10011110,OR3_X1,0b01111111,TIMEOUT,,,,,37.30
3input0x32_X1,0b10011110,AOI21_X1,0b10101000,OK,5,0,5,,0.60
3input0x32_X1,0b10011110,OAI21_X1,0b11101010,OK,5,0,5,,0.71
3input0x32_X1,0b10011110,NAND3_X1,0b11111110,OK,7,0,7,,2.11
3input0x32_X1,0b10011110,AOI211_X1,0b1000100010000000,OK,5,1,6,,1.50
3input0x32_X1,0b10011110,AOI22_X1,0b1110111011100000,OK,3,1,4,,0.83
3input0x32_X1,0b10011110,OAI22_X1,0b1111100010001000,OK,4,1,5,,1.13
3input0x32_X1,0b10011110,OAI211_X1,0b1111111011101110,OK,4,1,5,,1.59
3input0x33_X1,0b10011111,AND3_X1,0b00000001,OK,4,5,9,,11.99
3input0x33_X1,0b10011111,OR3_X1,0b01111111,OK,3,4,7,,2.21
3input0x33_X1,0b10011111,AOI21_X1,0b10101000,OK,5,0,5,,0.59
3input0x33_X1,0b10011111,OAI21_X1,0b11101010,OK,4,0,4,,0.41
3input0x33_X1,0b10011111,NAND3_X1,0b11111110,OK,5,1,6,,1.34
3input0x33_X1,0b10011111,AOI211_X1,0b1000100010000000,OK,2,2,4,,0.71
3input0x33_X1,0b10011111,AOI22_X1,0b1110111011100000,OK,3,1,4,,0.67
3input0x33_X1,0b10011111,OAI22_X1,0b1111100010001000,OK,3,1,4,,0.77
3input0x33_X1,0b10011111,OAI211_X1,0b1111111011101110,OK,2,1,3,,0.52
AOI21_X1,0b10101000,AND2_X1,0b0001,OK,2,2,4,,0.20
AOI21_X1,0b10101000,2input0x1_X1,0b0100,OK,3,1,4,,0.25
AOI21_X1,0b10101000,OR2_X1,0b0111,OK,3,2,5,,0.41
AOI21_X1,0b10101000,XNOR2_X1,0b1001,IMPOSSIBLE_AFFINE,,,,base+INV is closed under affine class L (Post's lattice); target is non-affine,0.00
AOI21_X1,0b10101000,2input0x6_X1,0b1101,OK,3,1,4,,0.30
AOI21_X1,0b10101000,HA_X1,0b1110,OK,3,1,4,,0.25
AOI21_X1,0b10101000,AND3_X1,0b00000001,OK,2,3,5,,0.68
AOI21_X1,0b10101000,3input0x1_X1,0b00010000,OK,2,2,4,,0.27
AOI21_X1,0b10101000,3input0x2_X1,0b00010100,OK,2,2,4,,0.50
AOI21_X1,0b10101000,3input0x3_X1,0b00010101,OK,2,2,4,,0.54
AOI21_X1,0b10101000,3input0x8_X1,0b00010110,OK,2,2,4,,0.37
AOI21_X1,0b10101000,3input0x9_X1,0b00010111,TIMEOUT,,,,,86.17
AOI21_X1,0b10101000,3input0xA_X1,0b00011000,OK,3,1,4,,0.32
AOI21_X1,0b10101000,3input0xB_X1,0b00011001,OK,3,1,4,,0.31
AOI21_X1,0b10101000,3input0xC_X1,0b00011010,OK,2,1,3,,0.27
AOI21_X1,0b10101000,3input0xD_X1,0b00011011,OK,2,1,3,,0.20
AOI21_X1,0b10101000,3input0xE_X1,0b00011110,OK,3,1,4,,0.44
AOI21_X1,0b10101000,3input0xF_X1,0b00011111,OK,1,1,2,,0.11
AOI21_X1,0b10101000,3input0x10_X1,0b00101000,OK,2,1,3,,0.22
AOI21_X1,0b10101000,3input0x11_X1_DH_N,0b00101001,OK,2,1,3,,0.23
AOI21_X1,0b10101000,3input0x12_X1,0b00101010,OK,2,1,3,,0.21
AOI21_X1,0b10101000,3input0x13_X1,0b00101011,TIMEOUT,,,,,84.31
AOI21_X1,0b10101000,3input0x14_X1,0b00101100,OK,2,1,3,,0.27
AOI21_X1,0b10101000,3input0x15_X1_DH_P,0b00101101,OK,2,1,3,,0.24
AOI21_X1,0b10101000,3input0x16_X1,0b00101110,OK,2,1,3,,0.23
AOI21_X1,0b10101000,3input0x17_X1,0b00101111,OK,2,1,3,,0.24
AOI21_X1,0b10101000,3input0x18_X1,0b00111101,OK,2,1,3,,0.39
AOI21_X1,0b10101000,3input0x19_X1,0b00111110,OK,3,1,4,,0.74
AOI21_X1,0b10101000,3input0x4_X1,0b01000000,OK,3,1,4,,0.27
AOI21_X1,0b10101000,3input0x5_X1,0b01000001,OK,2,1,3,,0.30
AOI21_X1,0b10101000,3input0x6_X1,0b01010001,OK,2,1,3,,0.18
AOI21_X1,0b10101000,3input0x7_X1,0b01010100,OK,1,1,2,,0.11
AOI21_X1,0b10101000,3input0x1A_X1,0b01101000,OK,2,1,3,,0.22
AOI21_X1,0b10101000,3input0x1B_X1_DH_N,0b01101001,IMPOSSIBLE_AFFINE,,,,base+INV is closed under affine class L (Post's lattice); target is non-affine,0.00
AOI21_X1,0b10101000,3input0x1C_X1,0b01101010,OK,3,1,4,,0.50
AOI21_X1,0b10101000,3input0x1D_X1_DH_N,0b01101011,OK,2,1,3,,0.27
AOI21_X1,0b10101000,3input0x1E_X1,0b01101110,OK,3,1,4,,0.47
AOI21_X1,0b10101000,3input0x1F_X1_DH_N,0b01101111,OK,3,1,4,,0.47
AOI21_X1,0b10101000,3input0x20_X1,0b01111110,OK,4,1,5,,0.83
AOI21_X1,0b10101000,OR3_X1,0b01111111,OK,4,3,7,,2.76
AOI21_X1,0b10101000,3input0x23_X1,0b10000001,OK,3,1,4,,0.40
AOI21_X1,0b10101000,3input0x24_X1,0b10000010,OK,3,0,3,,0.26
AOI21_X1,0b10101000,3input0x25_X1,0b10000011,OK,2,1,3,,0.28
AOI21_X1,0b10101000,3input0x26_X1,0b10000110,OK,3,0,3,,0.32
AOI21_X1,0b10101000,3input0x27_X1,0b10000111,OK,3,1,4,,0.46
AOI21_X1,0b10101000,3input0x28_X1,0b10001001,OK,2,1,3,,0.23
AOI21_X1,0b10101000,3input0x29_X1,0b10001010,OK,2,0,2,,0.10
AOI21_X1,0b10101000,3input0x2A_X1,0b10001011,OK,2,1,3,,0.40
AOI21_X1,0b10101000,3input0x2B_X1,0b10001110,TIMEOUT,,,,,79.03
AOI21_X1,0b10101000,3input0x2C_X1,0b10001111,OK,2,2,4,,0.40
AOI21_X1,0b10101000,3input0x2D_X1_DH_N,0b10010110,IMPOSSIBLE_AFFINE,,,,base+INV is closed under affine class L (Post's lattice); target is non-affine,0.00
AOI21_X1,0b10101000,3input0x2E_X1,0b10010111,OK,2,1,3,,0.25
AOI21_X1,0b10101000,3input0x2F_X1,0b10011000,OK,2,1,3,,0.23
AOI21_X1,0b10101000,3input0x30_X1,0b10011010,OK,3,0,3,,0.31
AOI21_X1,0b10101000,3input0x31_X1,0b10011011,OK,2,1,3,,0.23
AOI21_X1,0b10101000,3input0x32_X1,0b10011110,OK,4,0,4,,0.91
AOI21_X1,0b10101000,3input0x33_X1,0b10011111,OK,2,1,3,,0.44
AOI21_X1,0b10101000,3input0x35_X1,0b10101001,OK,2,1,3,,0.22
AOI21_X1,0b10101000,3input0x36_X1,0b10101011,OK,2,1,3,,0.24
AOI21_X1,0b10101000,3input0x37_X1,0b10101100,OK,2,0,2,,0.10
AOI21_X1,0b10101000,3input0x38_X1,0b10101101,OK,2,1,3,,0.28
AOI21_X1,0b10101000,3input0x39_X1,0b10101110,OK,2,1,3,,0.39
AOI21_X1,0b10101000,3input0x3A_X1,0b10111100,OK,3,0,3,,0.26
AOI21_X1,0b10101000,3input0x3B_X1,0b10111101,OK,3,1,4,,0.50
AOI21_X1,0b10101000,3input0x3C_X1,0b10111110,OK,3,1,4,,0.47
AOI21_X1,0b10101000,3input0x3D_X1,0b10111111,OK,3,2,5,,1.34
AOI21_X1,0b10101000,3input0x3E_X1,0b11101000,TIMEOUT,,,,,90.56
AOI21_X1,0b10101000,3input0x3F_X1,0b11101001,OK,3,1,4,,0.62
AOI21_X1,0b10101000,OAI21_X1,0b11101010,OK,4,0,4,,0.49
AOI21_X1,0b10101000,3input0x41_X1,0b11101011,OK,3,1,4,,0.48
AOI21_X1,0b10101000,3input0x42_X1,0b11101111,OK,3,1,4,,0.55
AOI21_X1,0b10101000,NAND3_X1,0b11111110,OK,4,1,5,,0.85
AOI21_X1,0b10101000,AOI211_X1,0b1000100010000000,OK,2,1,3,,0.54
AOI21_X1,0b10101000,AOI22_X1,0b1110111011100000,OK,2,1,3,,0.42
AOI21_X1,0b10101000,OAI22_X1,0b1111100010001000,OK,2,1,3,,0.42
AOI21_X1,0b10101000,OAI211_X1,0b1111111011101110,OK,4,1,5,,1.76
3input0x35_X1,0b10101001,AND3_X1,0b00000001,OK,4,4,8,,4.04
3input0x35_X1,0b10101001,OR3_X1,0b01111111,TIMEOUT,,,,,55.36
3input0x35_X1,0b10101001,AOI21_X1,0b10101000,OK,4,0,4,,0.37
3input0x35_X1,0b10101001,OAI21_X1,0b11101010,OK,4,0,4,,0.43
3input0x35_X1,0b10101001,NAND3_X1,0b11111110,OK,6,0,6,,1.28
3input0x35_X1,0b10101001,AOI211_X1,0b1000100010000000,OK,4,1,5,,1.23
3input0x35_X1,0b10101001,AOI22_X1,0b1110111011100000,OK,3,1,4,,1.03
3input0x35_X1,0b10101001,OAI22_X1,0b1111100010001000,OK,4,1,5,,1.14
3input0x35_X1,0b10101001,OAI211_X1,0b1111111011101110,OK,4,1,5,,1.28
3input0x36_X1,0b10101011,AND3_X1,0b00000001,OK,2,3,5,,0.43
3input0x36_X1,0b10101011,OR3_X1,0b01111111,OK,2,5,7,,1.97
3input0x36_X1,0b10101011,AOI21_X1,0b10101000,OK,3,0,3,,0.21
3input0x36_X1,0b10101011,OAI21_X1,0b11101010,OK,3,0,3,,0.21
3input0x36_X1,0b10101011,NAND3_X1,0b11111110,OK,3,0,3,,0.24
3input0x36_X1,0b10101011,AOI211_X1,0b1000100010000000,OK,3,1,4,,0.43
3input0x36_X1,0b10101011,AOI22_X1,0b1110111011100000,OK,3,1,4,,0.79
3input0x36_X1,0b10101011,OAI22_X1,0b1111100010001000,OK,3,1,4,,0.70
3input0x36_X1,0b10101011,OAI211_X1,0b1111111011101110,OK,2,1,3,,0.58
3input0x37_X1,0b10101100,AND3_X1,0b00000001,OK,4,4,8,,3.81
3input0x37_X1,0b10101100,OR3_X1,0b01111111,OK,4,4,8,,4.57
3input0x37_X1,0b10101100,AOI21_X1,0b10101000,OK,3,0,3,,0.21
3input0x37_X1,0b10101100,OAI21_X1,0b11101010,OK,3,0,3,,0.31
3input0x37_X1,0b10101100,NAND3_X1,0b11111110,OK,5,1,6,,1.13
3input0x37_X1,0b10101100,AOI211_X1,0b1000100010000000,OK,3,1,4,,0.59
3input0x37_X1,0b10101100,AOI22_X1,0b1110111011100000,OK,1,1,2,,0.17
3input0x37_X1,0b10101100,OAI22_X1,0b1111100010001000,OK,1,1,2,,0.21
3input0x37_X1,0b10101100,OAI211_X1,0b1111111011101110,OK,3,1,4,,0.67
3input0x38_X1,0b10101101,AND3_X1,0b00000001,OK,3,5,8,,3.14
3input0x38_X1,0b10101101,OR3_X1,0b01111111,OK,4,5,9,,17.20
3input0x38_X1,0b10101101,AOI21_X1,0b10101000,OK,3,0,3,,0.23
3input0x38_X1,0b10101101,OAI21_X1,0b11101010,OK,3,0,3,,0.22
3input0x38_X1,0b10101101,NAND3_X1,0b11111110,OK,6,0,6,,1.12
3input0x38_X1,0b10101101,AOI211_X1,0b1000100010000000,OK,4,1,5,,0.86
3input0x38_X1,0b10101101,AOI22_X1,0b1110111011100000,OK,2,1,3,,0.38
3input0x38_X1,0b10101101,OAI22_X1,0b1111100010001000,OK,3,1,4,,0.78
3input0x38_X1,0b10101101,OAI211_X1,0b1111111011101110,OK,3,1,4,,0.98
3input0x39_X1,0b10101110,AND3_X1,0b00000001,OK,2,4,6,,0.98
3input0x39_X1,0b10101110,OR3_X1,0b01111111,OK,2,4,6,,1.39
3input0x39_X1,0b10101110,AOI21_X1,0b10101000,OK,2,1,3,,0.29
3input0x39_X1,0b10101110,OAI21_X1,0b11101010,OK,2,0,2,,0.13
3input0x39_X1,0b10101110,NAND3_X1,0b11111110,OK,4,0,4,,0.49
3input0x39_X1,0b10101110,AOI211_X1,0b1000100010000000,OK,3,1,4,,0.60
3input0x39_X1,0b10101110,AOI22_X1,0b1110111011100000,OK,3,1,4,,0.94
3input0x39_X1,0b10101110,OAI22_X1,0b1111100010001000,OK,3,1,4,,0.75
3input0x39_X1,0b10101110,OAI211_X1,0b1111111011101110,OK,2,1,3,,0.49
3input0x3A_X1,0b10111100,AND3_X1,0b00000001,OK,3,5,8,,6.37
3input0x3A_X1,0b10111100,OR3_X1,0b01111111,OK,5,4,9,,19.89
3input0x3A_X1,0b10111100,AOI21_X1,0b10101000,OK,3,1,4,,0.73
3input0x3A_X1,0b10111100,OAI21_X1,0b11101010,OK,4,0,4,,0.50
3input0x3A_X1,0b10111100,NAND3_X1,0b11111110,OK,7,0,7,,2.63
3input0x3A_X1,0b10111100,AOI211_X1,0b1000100010000000,OK,3,1,4,,0.55
3input0x3A_X1,0b10111100,AOI22_X1,0b1110111011100000,OK,2,1,3,,0.39
3input0x3A_X1,0b10111100,OAI22_X1,0b1111100010001000,OK,3,1,4,,0.85
3input0x3A_X1,0b10111100,OAI211_X1,0b1111111011101110,OK,4,1,5,,1.70
3input0x3B_X1,0b10111101,AND3_X1,0b00000001,OK,3,6,9,,20.28
3input0x3B_X1,0b10111101,OR3_X1,0b01111111,TIMEOUT,,,,,53.34
3input0x3B_X1,0b10111101,AOI21_X1,0b10101000,OK,5,0,5,,0.71
3input0x3B_X1,0b10111101,OAI21_X1,0b11101010,OK,4,0,4,,0.49
3input0x3B_X1,0b10111101,NAND3_X1,0b11111110,OK,5,1,6,,1.31
3input0x3B_X1,0b10111101,AOI211_X1,0b1000100010000000,OK,4,1,5,,0.84
3input0x3B_X1,0b10111101,AOI22_X1,0b1110111011100000,OK,3,1,4,,0.93
3input0x3B_X1,0b10111101,OAI22_X1,0b1111100010001000,OK,3,1,4,,0.67
3input0x3B_X1,0b10111101,OAI211_X1,0b1111111011101110,OK,4,1,5,,1.36
3input0x3C_X1,0b10111110,AND3_X1,0b00000001,OK,4,4,8,,3.69
3input0x3C_X1,0b10111110,OR3_X1,0b01111111,OK,4,4,8,,5.43
3input0x3C_X1,0b10111110,AOI21_X1,0b10101000,OK,5,0,5,,0.62
3input0x3C_X1,0b10111110,OAI21_X1,0b11101010,OK,4,0,4,,0.43
3input0x3C_X1,0b10111110,NAND3_X1,0b11111110,OK,4,0,4,,0.52
3input0x3C_X1,0b10111110,AOI211_X1,0b1000100010000000,OK,4,1,5,,0.91
3input0x3C_X1,0b10111110,AOI22_X1,0b1110111011100000,OK,3,1,4,,0.98
3input0x3C_X1,0b10111110,OAI22_X1,0b1111100010001000,OK,4,1,5,,1.05
3input0x3C_X1,0b10111110,OAI211_X1,0b1111111011101110,OK,2,1,3,,0.49
3input0x3D_X1,0b10111111,AND3_X1,0b00000001,OK,1,3,4,,0.29
3input0x3D_X1,0b10111111,OR3_X1,0b01111111,OK,1,1,2,,0.12
3input0x3D_X1,0b10111111,AOI21_X1,0b10101000,OK,5,0,5,,0.57
3input0x3D_X1,0b10111111,OAI21_X1,0b11101010,OK,3,0,3,,0.22
3input0x3D_X1,0b10111111,NAND3_X1,0b11111110,OK,2,1,3,,0.31
3input0x3D_X1,0b10111111,AOI211_X1,0b1000100010000000,OK,1,2,3,,0.42
3input0x3D_X1,0b10111111,AOI22_X1,0b1110111011100000,OK,2,1,3,,0.35
3input0x3D_X1,0b10111111,OAI22_X1,0b1111100010001000,OK,3,1,4,,0.95
3input0x3D_X1,0b10111111,OAI211_X1,0b1111111011101110,OK,2,1,3,,0.29
3input0x3E_X1,0b11101000,AND3_X1,0b00000001,OK,4,4,8,,5.04
3input0x3E_X1,0b11101000,OR3_X1,0b01111111,OK,4,4,8,,6.21
3input0x3E_X1,0b11101000,AOI21_X1,0b10101000,OK,4,0,4,,0.33
3input0x3E_X1,0b11101000,OAI21_X1,0b11101010,OK,4,0,4,,0.39
3input0x3E_X1,0b11101000,NAND3_X1,0b11111110,OK,5,1,6,,1.46
3input0x3E_X1,0b11101000,AOI211_X1,0b1000100010000000,OK,4,1,5,,0.81
3input0x3E_X1,0b11101000,AOI22_X1,0b1110111011100000,OK,3,1,4,,0.73
3input0x3E_X1,0b11101000,OAI22_X1,0b1111100010001000,OK,3,1,4,,0.53
3input0x3E_X1,0b11101000,OAI211_X1,0b1111111011101110,OK,4,1,5,,1.34
3input0x3F_X1,0b11101001,AND3_X1,0b00000001,OK,5,4,9,,26.07
3input0x3F_X1,0b11101001,OR3_X1,0b01111111,TIMEOUT,,,,,56.94
3input0x3F_X1,0b11101001,AOI21_X1,0b10101000,OK,5,0,5,,0.85
3input0x3F_X1,0b11101001,OAI21_X1,0b11101010,OK,5,0,5,,0.51
3input0x3F_X1,0b11101001,NAND3_X1,0b11111110,OK,5,1,6,,1.50
3input0x3F_X1,0b11101001,AOI211_X1,0b1000100010000000,OK,5,1,6,,0.93
3input0x3F_X1,0b11101001,AOI22_X1,0b1110111011100000,OK,3,1,4,,1.00
3input0x3F_X1,0b11101001,OAI22_X1,0b1111100010001000,OK,5,1,6,,3.33
3input0x3F_X1,0b11101001,OAI211_X1,0b1111111011101110,OK,4,1,5,,1.86
OAI21_X1,0b11101010,AND2_X1,0b0001,OK,3,2,5,,0.32
OAI21_X1,0b11101010,2input0x1_X1,0b0100,OK,3,1,4,,0.21
OAI21_X1,0b11101010,OR2_X1,0b0111,OK,2,2,4,,0.28
OAI21_X1,0b11101010,XNOR2_X1,0b1001,IMPOSSIBLE_AFFINE,,,,base+INV is closed under affine class L (Post's lattice); target is non-affine,0.00
OAI21_X1,0b11101010,2input0x6_X1,0b1101,OK,3,1,4,,0.27
OAI21_X1,0b11101010,HA_X1,0b1110,OK,4,0,4,,0.25
OAI21_X1,0b11101010,AND3_X1,0b00000001,OK,4,3,7,,1.59
OAI21_X1,0b11101010,3input0x1_X1,0b00010000,OK,3,2,5,,0.52
OAI21_X1,0b11101010,3input0x2_X1,0b00010100,OK,2,1,3,,0.32
OAI21_X1,0b11101010,3input0x3_X1,0b00010101,OK,1,1,2,,0.12
OAI21_X1,0b11101010,3input0x8_X1,0b00010110,OK,2,1,3,,0.18
OAI21_X1,0b11101010,3input0x9_X1,0b00010111,TIMEOUT,,,,,77.09
OAI21_X1,0b11101010,3input0xA_X1,0b00011000,OK,3,1,4,,0.42
OAI21_X1,0b11101010,3input0xB_X1,0b00011001,OK,2,1,3,,0.18
OAI21_X1,0b11101010,3input0xC_X1,0b00011010,OK,2,1,3,,0.18
OAI21_X1,0b11101010,3input0xD_X1,0b00011011,OK,2,1,3,,0.20
OAI21_X1,0b11101010,3input0xE_X1,0b00011110,OK,3,1,4,,0.39
OAI21_X1,0b11101010,3input0xF_X1,0b00011111,OK,2,2,4,,0.43
OAI21_X1,0b11101010,3input0x10_X1,0b00101000,OK,3,1,4,,0.35
OAI21_X1,0b11101010,3input0x11_X1_DH_N,0b00101001,OK,2,1,3,,0.21
OAI21_X1,0b11101010,3input0x12_X1,0b00101010,OK,2,1,3,,0.18
OAI21_X1,0b11101010,3input0x13_X1,0b00101011,TIMEOUT,,,,,84.35
OAI21_X1,0b11101010,3input0x14_X1,0b00101100,OK,2,1,3,,0.20
OAI21_X1,0b11101010,3input0x15_X1_DH_P,0b00101101,OK,2,1,3,,0.26
OAI21_X1,0b11101010,3input0x16_X1,0b00101110,OK,2,1,3,,0.25
OAI21_X1,0b11101010,3input0x17_X1,0b00101111,OK,2,1,3,,0.25
OAI21_X1,0b11101010,3input0x18_X1,0b00111101,OK,3,1,4,,0.32
OAI21_X1,0b11101010,3input0x19_X1,0b00111110,OK,2,1,3,,0.27
OAI21_X1,0b11101010,3input0x4_X1,0b01000000,OK,3,1,4,,0.29
OAI21_X1,0b11101010,3input0x5_X1,0b01000001,OK,3,1,4,,0.34
OAI21_X1,0b11101010,3input0x6_X1,0b01010001,OK,2,1,3,,0.19
OAI21_X1,0b11101010,3input0x7_X1,0b01010100,OK,2,2,4,,0.36
OAI21_X1,0b11101010,3input0x1A_X1,0b01101000,OK,3,1,4,,0.35
OAI21_X1,0b11101010,3input0x1B_X1_DH_N,0b01101001,IMPOSSIBLE_AFFINE,,,,base+INV is closed under affine class L (Post's lattice); target is non-affine,0.00
OAI21_X1,0b11101010,3input0x1C_X1,0b01101010,OK,2,1,3,,0.27
OAI21_X1,0b11101010,3input0x1D_X1_DH_N,0b01101011,OK,2,1,3,,0.24
OAI21_X1,0b11101010,3input0x1E_X1,0b01101110,OK,2,1,3,,0.25
OAI21_X1,0b11101010,3input0x1F_X1_DH_N,0b01101111,OK,2,1,3,,0.18
OAI21_X1,0b11101010,3input0x20_X1,0b01111110,OK,3,1,4,,0.56
OAI21_X1,0b11101010,OR3_X1,0b01111111,OK,2,3,5,,0.80
OAI21_X1,0b11101010,3input0x23_X1,0b10000001,OK,4,1,5,,0.58
OAI21_X1,0b11101010,3input0x24_X1,0b10000010,OK,3,1,4,,0.36
OAI21_X1,0b11101010,3input0x25_X1,0b10000011,OK,3,1,4,,0.30
OAI21_X1,0b11101010,3input0x26_X1,0b10000110,OK,4,0,4,,0.42
OAI21_X1,0b11101010,3input0x27_X1,0b10000111,OK,3,1,4,,0.54
OAI21_X1,0b11101010,3input0x28_X1,0b10001001,OK,3,1,4,,0.42
OAI21_X1,0b11101010,3input0x29_X1,0b10001010,OK,2,1,3,,0.21
OAI21_X1,0b11101010,3input0x2A_X1,0b10001011,OK,2,1,3,,0.20
OAI21_X1,0b11101010,3input0x2B_X1,0b10001110,TIMEOUT,,,,,73.77
OAI21_X1,0b11101010,3input0x2C_X1,0b10001111,OK,1,1,2,,0.12
OAI21_X1,0b11101010,3input0x2D_X1_DH_N,0b10010110,IMPOSSIBLE_AFFINE,,,,base+INV is closed under affine class L (Post's lattice); target is non-affine,0.00
OAI21_X1,0b11101010,3input0x2E_X1,0b10010111,OK,2,2,4,,0.55
OAI21_X1,0b11101010,3input0x2F_X1,0b10011000,OK,3,0,3,,0.20
OAI21_X1,0b11101010,3input0x30_X1,0b10011010,OK,3,0,3,,0.23
OAI21_X1,0b11101010,3input0x31_X1,0b10011011,OK,2,1,3,,0.26
OAI21_X1,0b11101010,3input0x32_X1,0b10011110,OK,3,0,3,,0.22
OAI21_X1,0b11101010,3input0x33_X1,0b10011111,OK,2,2,4,,0.45
OAI21_X1,0b11101010,AOI21_X1,0b10101000,OK,4,0,4,,0.29
OAI21_X1,0b11101010,3input0x35_X1,0b10101001,OK,3,1,4,,0.43
OAI21_X1,0b11101010,3input0x36_X1,0b10101011,OK,2,1,3,,0.25
OAI21_X1,0b11101010,3input0x37_X1,0b10101100,OK,2,0,2,,0.11
OAI21_X1,0b11101010,3input0x38_X1,0b10101101,OK,2,1,3,,0.22
OAI21_X1,0b11101010,3input0x39_X1,0b10101110,OK,2,0,2,,0.09
OAI21_X1,0b11101010,3input0x3A_X1,0b10111100,OK,2,1,3,,0.30
OAI21_X1,0b11101010,3input0x3B_X1,0b10111101,OK,3,1,4,,0.50
OAI21_X1,0b11101010,3input0x3C_X1,0b10111110,OK,3,0,3,,0.26
OAI21_X1,0b11101010,3input0x3D_X1,0b10111111,OK,2,2,4,,0.46
OAI21_X1,0b11101010,3input0x3E_X1,0b11101000,TIMEOUT,,,,,88.20
OAI21_X1,0b11101010,3input0x3F_X1,0b11101001,OK,2,1,3,,0.27
OAI21_X1,0b11101010,3input0x41_X1,0b11101011,OK,2,1,3,,0.25
OAI21_X1,0b11101010,3input0x42_X1,0b11101111,OK,3,1,4,,0.53
OAI21_X1,0b11101010,NAND3_X1,0b11111110,OK,4,1,5,,0.94
OAI21_X1,0b11101010,AOI211_X1,0b1000100010000000,OK,4,1,5,,1.01
OAI21_X1,0b11101010,AOI22_X1,0b1110111011100000,OK,2,1,3,,0.45
OAI21_X1,0b11101010,OAI22_X1,0b1111100010001000,OK,2,1,3,,0.39
OAI21_X1,0b11101010,OAI211_X1,0b1111111011101110,OK,2,1,3,,0.39
3input0x41_X1,0b11101011,AND3_X1,0b00000001,OK,4,4,8,,4.12
3input0x41_X1,0b11101011,OR3_X1,0b01111111,OK,3,5,8,,5.18
3input0x41_X1,0b11101011,AOI21_X1,0b10101000,OK,5,0,5,,0.60
3input0x41_X1,0b11101011,OAI21_X1,0b11101010,OK,4,0,4,,0.42
3input0x41_X1,0b11101011,NAND3_X1,0b11111110,OK,5,0,5,,0.76
3input0x41_X1,0b11101011,AOI211_X1,0b1000100010000000,OK,2,2,4,,0.48
3input0x41_X1,0b11101011,AOI22_X1,0b1110111011100000,OK,3,1,4,,1.02
3input0x41_X1,0b11101011,OAI22_X1,0b1111100010001000,OK,4,1,5,,1.66
3input0x41_X1,0b11101011,OAI211_X1,0b1111111011101110,OK,2,1,3,,0.52
3input0x42_X1,0b11101111,AND3_X1,0b00000001,OK,1,2,3,,0.15
3input0x42_X1,0b11101111,OR3_X1,0b01111111,OK,1,2,3,,0.21
3input0x42_X1,0b11101111,AOI21_X1,0b10101000,OK,4,0,4,,0.43
3input0x42_X1,0b11101111,OAI21_X1,0b11101010,OK,4,0,4,,0.44
3input0x42_X1,0b11101111,NAND3_X1,0b11111110,OK,2,0,2,,0.14
3input0x42_X1,0b11101111,AOI211_X1,0b1000100010000000,OK,2,2,4,,0.50
3input0x42_X1,0b11101111,AOI22_X1,0b1110111011100000,OK,2,1,3,,0.35
3input0x42_X1,0b11101111,OAI22_X1,0b1111100010001000,OK,2,2,4,,0.78
3input0x42_X1,0b11101111,OAI211_X1,0b1111111011101110,OK,1,1,2,,0.29
NAND3_X1,0b11111110,AND2_X1,0b0001,OK,2,1,3,,0.18
NAND3_X1,0b11111110,2input0x1_X1,0b0100,OK,4,1,5,,0.34
NAND3_X1,0b11111110,OR2_X1,0b0111,OK,2,3,5,,0.40
NAND3_X1,0b11111110,XNOR2_X1,0b1001,IMPOSSIBLE_AFFINE,,,,base+INV is closed under affine class L (Post's lattice); target is non-affine,0.00
NAND3_X1,0b11111110,2input0x6_X1,0b1101,OK,2,1,3,,0.14
NAND3_X1,0b11111110,HA_X1,0b1110,OK,3,0,3,,0.15
NAND3_X1,0b11111110,AND3_X1,0b00000001,OK,1,1,2,,0.06
NAND3_X1,0b11111110,3input0x1_X1,0b00010000,OK,2,1,3,,0.24
NAND3_X1,0b11111110,3input0x2_X1,0b00010100,OK,2,1,3,,0.17
NAND3_X1,0b11111110,3input0x3_X1,0b00010101,OK,2,2,4,,0.35
NAND3_X1,0b11111110,3input0x8_X1,0b00010110,OK,3,1,4,,0.38
NAND3_X1,0b11111110,3input0x9_X1,0b00010111,TIMEOUT,,,,,54.84
NAND3_X1,0b11111110,3input0xA_X1,0b00011000,OK,3,1,4,,0.29
NAND3_X1,0b11111110,3input0xB_X1,0b00011001,OK,3,1,4,,0.41
NAND3_X1,0b11111110,3input0xC_X1,0b00011010,OK,3,1,4,,0.38
NAND3_X1,0b11111110,3input0xD_X1,0b00011011,OK,3,1,4,,0.41
NAND3_X1,0b11111110,3input0xE_X1,0b00011110,OK,2,1,3,,0.20
NAND3_X1,0b11111110,3input0xF_X1,0b00011111,OK,2,2,4,,0.60
NAND3_X1,0b11111110,3input0x10_X1,0b00101000,OK,3,1,4,,0.47
NAND3_X1,0b11111110,3input0x11_X1_DH_N,0b00101001,OK,3,1,4,,0.44
NAND3_X1,0b11111110,3input0x12_X1,0b00101010,OK,5,1,6,,0.92
NAND3_X1,0b11111110,3input0x13_X1,0b00101011,TIMEOUT,,,,,74.12
NAND3_X1,0b11111110,3input0x14_X1,0b00101100,OK,3,1,4,,0.37
NAND3_X1,0b11111110,3input0x15_X1_DH_P,0b00101101,OK,3,1,4,,0.38
NAND3_X1,0b11111110,3input0x16_X1,0b00101110,OK,2,1,3,,0.19
NAND3_X1,0b11111110,3input0x17_X1,0b00101111,OK,2,1,3,,0.22
NAND3_X1,0b11111110,3input0x18_X1,0b00111101,OK,3,1,4,,0.52
NAND3_X1,0b11111110,3input0x19_X1,0b00111110,OK,2,1,3,,0.23
NAND3_X1,0b11111110,3input0x4_X1,0b01000000,OK,2,2,4,,0.31
NAND3_X1,0b11111110,3input0x5_X1,0b01000001,OK,2,1,3,,0.22
NAND3_X1,0b11111110,3input0x6_X1,0b01010001,OK,2,1,3,,0.18
NAND3_X1,0b11111110,3input0x7_X1,0b01010100,OK,3,1,4,,0.34
NAND3_X1,0b11111110,3input0x1A_X1,0b01101000,OK,4,1,5,,1.74
NAND3_X1,0b11111110,3input0x1B_X1_DH_N,0b01101001,IMPOSSIBLE_AFFINE,,,,base+INV is closed under affine class L (Post's lattice); target is non-affine,0.00
NAND3_X1,0b11111110,3input0x1C_X1,0b01101010,OK,3,1,4,,0.41
NAND3_X1,0b11111110,3input0x1D_X1_DH_N,0b01101011,OK,3,1,4,,0.46
NAND3_X1,0b11111110,3input0x1E_X1,0b01101110,OK,2,1,3,,0.19
NAND3_X1,0b11111110,3input0x1F_X1_DH_N,0b01101111,OK,2,1,3,,0.23
NAND3_X1,0b11111110,3input0x20_X1,0b01111110,OK,3,1,4,,0.44
NAND3_X1,0b11111110,OR3_X1,0b01111111,OK,1,3,4,,0.45
NAND3_X1,0b11111110,3input0x23_X1,0b10000001,OK,4,1,5,,1.09
NAND3_X1,0b11111110,3input0x24_X1,0b10000010,OK,4,1,5,,0.80
NAND3_X1,0b11111110,3input0x25_X1,0b10000011,OK,2,2,4,,0.43
NAND3_X1,0b11111110,3input0x26_X1,0b10000110,OK,5,0,5,,1.54
NAND3_X1,0b11111110,3input0x27_X1,0b10000111,OK,4,1,5,,0.89
NAND3_X1,0b11111110,3input0x28_X1,0b10001001,OK,3,1,4,,0.48
NAND3_X1,0b11111110,3input0x29_X1,0b10001010,OK,5,0,5,,0.58
NAND3_X1,0b11111110,3input0x2A_X1,0b10001011,OK,3,1,4,,0.39
NAND3_X1,0b11111110,3input0x2B_X1,0b10001110,TIMEOUT,,,,,84.79
NAND3_X1,0b11111110,3input0x2C_X1,0b10001111,OK,3,1,4,,0.60
NAND3_X1,0b11111110,3input0x2D_X1_DH_N,0b10010110,IMPOSSIBLE_AFFINE,,,,base+INV is closed under affine class L (Post's lattice); target is non-affine,0.00
NAND3_X1,0b11111110,3input0x2E_X1,0b10010111,OK,3,2,5,,1.52
NAND3_X1,0b11111110,3input0x2F_X1,0b10011000,OK,4,0,4,,0.41
NAND3_X1,0b11111110,3input0x30_X1,0b10011010,OK,3,0,3,,0.26
NAND3_X1,0b11111110,3input0x31_X1,0b10011011,OK,3,1,4,,0.50
NAND3_X1,0b11111110,3input0x32_X1,0b10011110,OK,3,0,3,,0.22
NAND3_X1,0b11111110,3input0x33_X1,0b10011111,OK,2,2,4,,0.46
NAND3_X1,0b11111110,AOI21_X1,0b10101000,OK,3,1,4,,0.46
NAND3_X1,0b11111110,3input0x35_X1,0b10101001,OK,3,1,4,,0.40
NAND3_X1,0b11111110,3input0x36_X1,0b10101011,OK,3,1,4,,0.79
NAND3_X1,0b11111110,3input0x37_X1,0b10101100,OK,4,0,4,,0.38
NAND3_X1,0b11111110,3input0x38_X1,0b10101101,OK,2,1,3,,0.26
NAND3_X1,0b11111110,3input0x39_X1,0b10101110,OK,3,0,3,,0.24
NAND3_X1,0b11111110,3input0x3A_X1,0b10111100,OK,4,0,4,,0.60
NAND3_X1,0b11111110,3input0x3B_X1,0b10111101,OK,3,1,4,,0.59
NAND3_X1,0b11111110,3input0x3C_X1,0b10111110,OK,3,0,3,,0.25
NAND3_X1,0b11111110,3input0x3D_X1,0b10111111,OK,1,2,3,,0.27
NAND3_X1,0b11111110,3input0x3E_X1,0b11101000,TIMEOUT,,,,,99.37
NAND3_X1,0b11111110,3input0x3F_X1,0b11101001,OK,2,2,4,,0.71
NAND3_X1,0b11111110,OAI21_X1,0b11101010,OK,4,0,4,,0.41
NAND3_X1,0b11111110,3input0x41_X1,0b11101011,OK,2,1,3,,0.23
NAND3_X1,0b11111110,3input0x42_X1,0b11101111,OK,1,1,2,,0.12
NAND3_X1,0b11111110,AOI211_X1,0b1000100010000000,OK,4,1,5,,0.67
NAND3_X1,0b11111110,AOI22_X1,0b1110111011100000,OK,3,1,4,,1.07
NAND3_X1,0b11111110,OAI22_X1,0b1111100010001000,OK,4,1,5,,1.37
NAND3_X1,0b11111110,OAI211_X1,0b1111111011101110,OK,1,1,2,,0.22
AOI211_X1,0b1000100010000000,AND2_X1,0b0001,OK,3,3,6,,1.24
AOI211_X1,0b1000100010000000,2input0x1_X1,0b0100,OK,4,1,5,,0.74
AOI211_X1,0b1000100010000000,OR2_X1,0b0111,OK,4,2,6,,1.46
AOI211_X1,0b1000100010000000,XNOR2_X1,0b1001,IMPOSSIBLE_AFFINE,,,,base+INV is closed under affine class L (Post's lattice); target is non-affine,0.00
AOI211_X1,0b1000100010000000,2input0x6_X1,0b1101,OK,5,1,6,,1.42
AOI211_X1,0b1000100010000000,HA_X1,0b1110,OK,6,1,7,,2.64
AOI211_X1,0b1000100010000000,AND3_X1,0b00000001,OK,2,3,5,,1.13
AOI211_X1,0b1000100010000000,3input0x1_X1,0b00010000,OK,2,2,4,,0.58
AOI211_X1,0b1000100010000000,3input0x2_X1,0b00010100,OK,3,2,5,,2.09
AOI211_X1,0b1000100010000000,3input0x3_X1,0b00010101,OK,3,2,5,,1.94
AOI211_X1,0b1000100010000000,3input0x8_X1,0b00010110,OK,4,2,6,,29.84
AOI211_X1,0b1000100010000000,3input0x9_X1,0b00010111,TIMEOUT,,,,,94.07
AOI211_X1,0b1000100010000000,3input0xA_X1,0b00011000,OK,4,1,5,,1.65
AOI211_X1,0b1000100010000000,3input0xB_X1,0b00011001,OK,4,1,5,,1.98
AOI211_X1,0b1000100010000000,3input0xC_X1,0b00011010,OK,3,1,4,,1.60
AOI211_X1,0b1000100010000000,3input0xD_X1,0b00011011,OK,4,1,5,,1.65
AOI211_X1,0b1000100010000000,3input0xE_X1,0b00011110,OK,4,1,5,,3.51
AOI211_X1,0b1000100010000000,3input0xF_X1,0b00011111,OK,3,1,4,,0.83
AOI211_X1,0b1000100010000000,3input0x10_X1,0b00101000,OK,3,1,4,,0.77
AOI211_X1,0b1000100010000000,3input0x11_X1_DH_N,0b00101001,OK,3,1,4,,1.78
AOI211_X1,0b1000100010000000,3input0x12_X1,0b00101010,OK,3,1,4,,0.84
AOI211_X1,0b1000100010000000,3input0x13_X1,0b00101011,TIMEOUT,,,,,106.35
AOI211_X1,0b1000100010000000,3input0x14_X1,0b00101100,OK,3,1,4,,0.86
AOI211_X1,0b1000100010000000,3input0x15_X1_DH_P,0b00101101,OK,3,1,4,,0.92
AOI211_X1,0b1000100010000000,3input0x16_X1,0b00101110,OK,4,1,5,,2.01
AOI211_X1,0b1000100010000000,3input0x17_X1,0b00101111,OK,3,1,4,,0.83
AOI211_X1,0b1000100010000000,3input0x18_X1,0b00111101,OK,3,1,4,,1.47
AOI211_X1,0b1000100010000000,3input0x19_X1,0b00111110,OK,4,1,5,,6.11
AOI211_X1,0b1000100010000000,3input0x4_X1,0b01000000,OK,3,1,4,,0.74
AOI211_X1,0b1000100010000000,3input0x5_X1,0b01000001,OK,3,1,4,,0.69
AOI211_X1,0b1000100010000000,3input0x6_X1,0b01010001,OK,3,1,4,,0.84
AOI211_X1,0b1000100010000000,3input0x7_X1,0b01010100,OK,2,1,3,,0.43
AOI211_X1,0b1000100010000000,3input0x1A_X1,0b01101000,OK,4,1,5,,32.00
AOI211_X1,0b1000100010000000,3input0x1B_X1_DH_N,0b01101001,IMPOSSIBLE_AFFINE,,,,base+INV is closed under affine class L (Post's lattice); target is non-affine,0.00
AOI211_X1,0b1000100010000000,3input0x1C_X1,0b01101010,OK,4,1,5,,2.52
AOI211_X1,0b1000100010000000,3input0x1D_X1_DH_N,0b01101011,OK,3,1,4,,1.76
AOI211_X1,0b1000100010000000,3input0x1E_X1,0b01101110,OK,3,1,4,,0.98
AOI211_X1,0b1000100010000000,3input0x1F_X1_DH_N,0b01101111,OK,4,1,5,,1.51
AOI211_X1,0b1000100010000000,3input0x20_X1,0b01111110,OK,5,1,6,,14.84
AOI211_X1,0b1000100010000000,OR3_X1,0b01111111,OK,3,3,6,,2.74
AOI211_X1,0b1000100010000000,3input0x23_X1,0b10000001,OK,4,1,5,,2.30
AOI211_X1,0b1000100010000000,3input0x24_X1,0b10000010,OK,4,0,4,,0.74
AOI211_X1,0b1000100010000000,3input0x25_X1,0b10000011,OK,3,1,4,,1.34
AOI211_X1,0b1000100010000000,3input0x26_X1,0b10000110,OK,4,0,4,,1.12
AOI211_X1,0b1000100010000000,3input0x27_X1,0b10000111,OK,3,1,4,,1.08
AOI211_X1,0b1000100010000000,3input0x28_X1,0b10001001,OK,4,1,5,,2.72
AOI211_X1,0b1000100010000000,3input0x29_X1,0b10001010,OK,4,0,4,,0.76
AOI211_X1,0b1000100010000000,3input0x2A_X1,0b10001011,OK,3,1,4,,1.04
AOI211_X1,0b1000100010000000,3input0x2B_X1,0b10001110,TIMEOUT,,,,,74.48
AOI211_X1,0b1000100010000000,3input0x2C_X1,0b10001111,OK,3,1,4,,0.86
AOI211_X1,0b1000100010000000,3input0x2D_X1_DH_N,0b10010110,IMPOSSIBLE_AFFINE,,,,base+INV is closed under affine class L (Post's lattice); target is non-affine,0.00
AOI211_X1,0b1000100010000000,3input0x2E_X1,0b10010111,OK,5,1,6,,22.43
AOI211_X1,0b1000100010000000,3input0x2F_X1,0b10011000,OK,4,0,4,,0.91
AOI211_X1,0b1000100010000000,3input0x30_X1,0b10011010,OK,4,0,4,,1.24
AOI211_X1,0b1000100010000000,3input0x31_X1,0b10011011,OK,3,1,4,,1.57
AOI211_X1,0b1000100010000000,3input0x32_X1,0b10011110,TIMEOUT,,,,,32.04
AOI211_X1,0b1000100010000000,3input0x33_X1,0b10011111,OK,3,1,4,,0.95
AOI211_X1,0b1000100010000000,AOI21_X1,0b10101000,OK,2,1,3,,0.57
AOI211_X1,0b1000100010000000,3input0x35_X1,0b10101001,OK,4,1,5,,1.88
AOI211_X1,0b1000100010000000,3input0x36_X1,0b10101011,OK,4,1,5,,1.44
AOI211_X1,0b1000100010000000,3input0x37_X1,0b10101100,OK,4,0,4,,0.83
AOI211_X1,0b1000100010000000,3input0x38_X1,0b10101101,OK,3,1,4,,1.00
AOI211_X1,0b1000100010000000,3input0x39_X1,0b10101110,OK,5,0,5,,1.53
AOI211_X1,0b1000100010000000,3input0x3A_X1,0b10111100,OK,4,0,4,,1.30
AOI211_X1,0b1000100010000000,3input0x3B_X1,0b10111101,OK,4,1,5,,3.51
AOI211_X1,0b1000100010000000,3input0x3C_X1,0b10111110,OK,3,2,5,,7.70
AOI211_X1,0b1000100010000000,3input0x3D_X1,0b10111111,OK,3,1,4,,1.02
AOI211_X1,0b1000100010000000,3input0x3E_X1,0b11101000,TIMEOUT,,,,,81.16
AOI211_X1,0b1000100010000000,3input0x3F_X1,0b11101001,TIMEOUT,,,,,41.26
AOI211_X1,0b1000100010000000,OAI21_X1,0b11101010,OK,5,0,5,,1.63
AOI211_X1,0b1000100010000000,3input0x41_X1,0b11101011,OK,3,1,4,,1.04
AOI211_X1,0b1000100010000000,3input0x42_X1,0b11101111,OK,3,1,4,,1.55
AOI211_X1,0b1000100010000000,NAND3_X1,0b11111110,OK,3,2,5,,1.61
AOI211_X1,0b1000100010000000,AOI22_X1,0b1110111011100000,OK,5,0,5,,3.15
AOI211_X1,0b1000100010000000,OAI22_X1,0b1111100010001000,OK,3,1,4,,1.69
AOI211_X1,0b1000100010000000,OAI211_X1,0b1111111011101110,OK,4,1,5,,3.29
AOI22_X1,0b1110111011100000,AND2_X1,0b0001,OK,3,2,5,,0.46
AOI22_X1,0b1110111011100000,2input0x1_X1,0b0100,OK,5,1,6,,1.41
AOI22_X1,0b1110111011100000,OR2_X1,0b0111,TIMEOUT,,,,,51.19
AOI22_X1,0b1110111011100000,XNOR2_X1,0b1001,IMPOSSIBLE_AFFINE,,,,base+INV is closed under affine class L (Post's lattice); target is non-affine,0.00
AOI22_X1,0b1110111011100000,2input0x6_X1,0b1101,OK,4,2,6,,1.26
AOI22_X1,0b1110111011100000,HA_X1,0b1110,OK,3,1,4,,0.54
AOI22_X1,0b1110111011100000,AND3_X1,0b00000001,OK,4,3,7,,3.35
AOI22_X1,0b1110111011100000,3input0x1_X1,0b00010000,OK,4,2,6,,1.50
AOI22_X1,0b1110111011100000,3input0x2_X1,0b00010100,OK,4,2,6,,2.30
AOI22_X1,0b1110111011100000,3input0x3_X1,0b00010101,OK,4,2,6,,2.18
AOI22_X1,0b1110111011100000,3input0x8_X1,0b00010110,OK,5,2,7,,32.74
AOI22_X1,0b1110111011100000,3input0x9_X1,0b00010111,TIMEOUT,,,,,84.56
AOI22_X1,0b1110111011100000,3input0xA_X1,0b00011000,OK,5,1,6,,19.92
AOI22_X1,0b1110111011100000,3input0xB_X1,0b00011001,OK,4,1,5,,2.38
AOI22_X1,0b1110111011100000,3input0xC_X1,0b00011010,OK,4,1,5,,3.95
AOI22_X1,0b1110111011100000,3input0xD_X1,0b00011011,OK,4,1,5,,1.87
AOI22_X1,0b1110111011100000,3input0xE_X1,0b00011110,OK,3,1,4,,1.76
AOI22_X1,0b1110111011100000,3input0xF_X1,0b00011111,OK,3,2,5,,1.89
AOI22_X1,0b1110111011100000,3input0x10_X1,0b00101000,OK,5,1,6,,9.85
AOI22_X1,0b1110111011100000,3input0x11_X1_DH_N,0b00101001,OK,4,1,5,,2.47
AOI22_X1,0b1110111011100000,3input0x12_X1,0b00101010,OK,5,1,6,,2.63
AOI22_X1,0b1110111011100000,3input0x13_X1,0b00101011,TIMEOUT,,,,,72.91
AOI22_X1,0b1110111011100000,3input0x14_X1,0b00101100,OK,3,1,4,,1.92
AOI22_X1,0b1110111011100000,3input0x15_X1_DH_P,0b00101101,OK,4,1,5,,2.34
AOI22_X1,0b1110111011100000,3input0x16_X1,0b00101110,OK,3,1,4,,0.96
AOI22_X1,0b1110111011100000,3input0x17_X1,0b00101111,OK,3,2,5,,1.74
AOI22_X1,0b1110111011100000,3input0x18_X1,0b00111101,OK,4,1,5,,15.56
AOI22_X1,0b1110111011100000,3input0x19_X1,0b00111110,OK,4,1,5,,12.71
AOI22_X1,0b1110111011100000,3input0x4_X1,0b01000000,OK,6,1,7,,3.70
AOI22_X1,0b1110111011100000,3input0x5_X1,0b01000001,OK,4,1,5,,1.25
AOI22_X1,0b1110111011100000,3input0x6_X1,0b01010001,OK,4,1,5,,1.32
AOI22_X1,0b1110111011100000,3input0x7_X1,0b01010100,OK,4,1,5,,1.14
AOI22_X1,0b1110111011100000,3input0x1A_X1,0b01101000,TIMEOUT,,,,,32.81
AOI22_X1,0b1110111011100000,3input0x1B_X1_DH_N,0b01101001,IMPOSSIBLE_AFFINE,,,,base+INV is closed under affine class L (Post's lattice); target is non-affine,0.00
AOI22_X1,0b1110111011100000,3input0x1C_X1,0b01101010,OK,5,1,6,,37.17
AOI22_X1,0b1110111011100000,3input0x1D_X1_DH_N,0b01101011,OK,4,1,5,,2.21
AOI22_X1,0b1110111011100000,3input0x1E_X1,0b01101110,OK,4,1,5,,2.90
AOI22_X1,0b1110111011100000,3input0x1F_X1_DH_N,0b01101111,OK,5,1,6,,9.08
AOI22_X1,0b1110111011100000,3input0x20_X1,0b01111110,OK,5,1,6,,20.77
AOI22_X1,0b1110111011100000,OR3_X1,0b01111111,TIMEOUT,,,,,67.57
AOI22_X1,0b1110111011100000,3input0x23_X1,0b10000001,TIMEOUT,,,,,42.83
AOI22_X1,0b1110111011100000,3input0x24_X1,0b10000010,OK,5,0,5,,1.51
AOI22_X1,0b1110111011100000,3input0x25_X1,0b10000011,OK,4,1,5,,3.82
AOI22_X1,0b1110111011100000,3input0x26_X1,0b10000110,OK,5,0,5,,10.24
AOI22_X1,0b1110111011100000,3input0x27_X1,0b10000111,TIMEOUT,,,,,31.78
AOI22_X1,0b1110111011100000,3input0x28_X1,0b10001001,OK,4,1,5,,2.78
AOI22_X1,0b1110111011100000,3input0x29_X1,0b10001010,OK,4,0,4,,1.56
AOI22_X1,0b1110111011100000,3input0x2A_X1,0b10001011,OK,3,1,4,,0.98
AOI22_X1,0b1110111011100000,3input0x2B_X1,0b10001110,TIMEOUT,,,,,86.30
AOI22_X1,0b1110111011100000,3input0x2C_X1,0b10001111,OK,4,2,6,,4.21
AOI22_X1,0b1110111011100000,3input0x2D_X1_DH_N,0b10010110,IMPOSSIBLE_AFFINE,,,,base+INV is closed under affine class L (Post's lattice); target is non-affine,0.00
AOI22_X1,0b1110111011100000,3input0x2E_X1,0b10010111,TIMEOUT,,,,,33.77
AOI22_X1,0b1110111011100000,3input0x2F_X1,0b10011000,OK,5,0,5,,1.86
AOI22_X1,0b1110111011100000,3input0x30_X1,0b10011010,OK,4,0,4,,1.58
AOI22_X1,0b1110111011100000,3input0x31_X1,0b10011011,OK,4,1,5,,2.34
AOI22_X1,0b1110111011100000,3input0x32_X1,0b10011110,OK,4,0,4,,1.17
AOI22_X1,0b1110111011100000,3input0x33_X1,0b10011111,OK,5,2,7,,32.90
AOI22_X1,0b1110111011100000,AOI21_X1,0b10101000,OK,4,0,4,,0.73
AOI22_X1,0b1110111011100000,3input0x35_X1,0b10101001,OK,3,1,4,,1.04
AOI22_X1,0b1110111011100000,3input0x36_X1,0b10101011,OK,4,1,5,,1.78
AOI22_X1,0b1110111011100000,3input0x37_X1,0b10101100,OK,4,0,4,,1.56
AOI22_X1,0b1110111011100000,3input0x38_X1,0b10101101,OK,4,1,5,,1.87
AOI22_X1,0b1110111011100000,3input0x39_X1,0b10101110,OK,4,0,4,,0.85
AOI22_X1,0b1110111011100000,3input0x3A_X1,0b10111100,OK,5,0,5,,3.42
AOI22_X1,0b1110111011100000,3input0x3B_X1,0b10111101,OK,5,1,6,,11.63
AOI22_X1,0b1110111011100000,3input0x3C_X1,0b10111110,OK,5,0,5,,3.22
AOI22_X1,0b1110111011100000,3input0x3D_X1,0b10111111,OK,6,2,8,,45.25
AOI22_X1,0b1110111011100000,3input0x3E_X1,0b11101000,TIMEOUT,,,,,89.29
AOI22_X1,0b1110111011100000,3input0x3F_X1,0b11101001,TIMEOUT,,,,,52.83
AOI22_X1,0b1110111011100000,OAI21_X1,0b11101010,OK,4,0,4,,0.99
AOI22_X1,0b1110111011100000,3input0x41_X1,0b11101011,OK,4,1,5,,3.34
AOI22_X1,0b1110111011100000,3input0x42_X1,0b11101111,OK,5,1,6,,2.27
AOI22_X1,0b1110111011100000,NAND3_X1,0b11111110,OK,4,1,5,,1.59
AOI22_X1,0b1110111011100000,AOI211_X1,0b1000100010000000,OK,4,1,5,,1.69
AOI22_X1,0b1110111011100000,OAI22_X1,0b1111100010001000,OK,5,0,5,,3.68
AOI22_X1,0b1110111011100000,OAI211_X1,0b1111111011101110,OK,4,1,5,,2.84
OAI22_X1,0b1111100010001000,AND2_X1,0b0001,TIMEOUT,,,,,55.83
OAI22_X1,0b1111100010001000,2input0x1_X1,0b0100,OK,4,2,6,,1.03
OAI22_X1,0b1111100010001000,OR2_X1,0b0111,OK,3,2,5,,0.79
OAI22_X1,0b1111100010001000,XNOR2_X1,0b1001,IMPOSSIBLE_AFFINE,,,,base+INV is closed under affine class L (Post's lattice); target is non-affine,0.00
OAI22_X1,0b1111100010001000,2input0x6_X1,0b1101,OK,5,1,6,,1.03
OAI22_X1,0b1111100010001000,HA_X1,0b1110,OK,6,1,7,,3.61
OAI22_X1,0b1111100010001000,AND3_X1,0b00000001,TIMEOUT,,,,,60.34
OAI22_X1,0b1111100010001000,3input0x1_X1,0b00010000,OK,6,2,8,,12.14
OAI22_X1,0b1111100010001000,3input0x2_X1,0b00010100,OK,5,2,7,,26.87
OAI22_X1,0b1111100010001000,3input0x3_X1,0b00010101,OK,3,2,5,,0.84
OAI22_X1,0b1111100010001000,3input0x8_X1,0b00010110,OK,5,2,7,,38.74
OAI22_X1,0b1111100010001000,3input0x9_X1,0b00010111,TIMEOUT,,,,,77.83
OAI22_X1,0b1111100010001000,3input0xA_X1,0b00011000,OK,5,1,6,,10.72
OAI22_X1,0b1111100010001000,3input0xB_X1,0b00011001,OK,4,1,5,,1.98
OAI22_X1,0b1111100010001000,3input0xC_X1,0b00011010,OK,4,1,5,,3.70
OAI22_X1,0b1111100010001000,3input0xD_X1,0b00011011,OK,4,1,5,,1.32
OAI22_X1,0b1111100010001000,3input0xE_X1,0b00011110,OK,5,1,6,,21.88
OAI22_X1,0b1111100010001000,3input0xF_X1,0b00011111,OK,4,2,6,,2.42
OAI22_X1,0b1111100010001000,3input0x10_X1,0b00101000,OK,4,1,5,,4.29
OAI22_X1,0b1111100010001000,3input0x11_X1_DH_N,0b00101001,OK,4,1,5,,2.01
OAI22_X1,0b1111100010001000,3input0x12_X1,0b00101010,OK,4,1,5,,1.47
OAI22_X1,0b1111100010001000,3input0x13_X1,0b00101011,TIMEOUT,,,,,82.78
OAI22_X1,0b1111100010001000,3input0x14_X1,0b00101100,OK,4,1,5,,1.77
OAI22_X1,0b1111100010001000,3input0x15_X1_DH_P,0b00101101,OK,4,1,5,,2.34
OAI22_X1,0b1111100010001000,3input0x16_X1,0b00101110,OK,3,1,4,,1.17
OAI22_X1,0b1111100010001000,3input0x17_X1,0b00101111,OK,4,1,5,,1.57
OAI22_X1,0b1111100010001000,3input0x18_X1,0b00111101,OK,4,1,5,,1.72
OAI22_X1,0b1111100010001000,3input0x19_X1,0b00111110,OK,4,1,5,,6.74
OAI22_X1,0b1111100010001000,3input0x4_X1,0b01000000,OK,5,1,6,,1.59
OAI22_X1,0b1111100010001000,3input0x5_X1,0b01000001,OK,5,1,6,,3.56
OAI22_X1,0b1111100010001000,3input0x6_X1,0b01010001,OK,3,2,5,,1.56
OAI22_X1,0b1111100010001000,3input0x7_X1,0b01010100,OK,4,2,6,,2.80
OAI22_X1,0b1111100010001000,3input0x1A_X1,0b01101000,OK,5,1,6,,45.01
OAI22_X1,0b1111100010001000,3input0x1B_X1_DH_N,0b01101001,IMPOSSIBLE_AFFINE,,,,base+INV is closed under affine class L (Post's lattice); target is non-affine,0.00
OAI22_X1,0b1111100010001000,3input0x1C_X1,0b01101010,OK,3,1,4,,1.63
OAI22_X1,0b1111100010001000,3input0x1D_X1_DH_N,0b01101011,OK,4,1,5,,3.01
OAI22_X1,0b1111100010001000,3input0x1E_X1,0b01101110,OK,4,1,5,,2.52
OAI22_X1,0b1111100010001000,3input0x1F_X1_DH_N,0b01101111,OK,4,1,5,,1.47
OAI22_X1,0b1111100010001000,3input0x20_X1,0b01111110,TIMEOUT,,,,,43.06
OAI22_X1,0b1111100010001000,OR3_X1,0b01111111,OK,4,3,7,,5.10
OAI22_X1,0b1111100010001000,3input0x23_X1,0b10000001,TIMEOUT,,,,,37.13
OAI22_X1,0b1111100010001000,3input0x24_X1,0b10000010,OK,5,0,5,,1.86
OAI22_X1,0b1111100010001000,3input0x25_X1,0b10000011,OK,4,1,5,,2.75
OAI22_X1,0b1111100010001000,3input0x26_X1,0b10000110,OK,4,0,4,,0.80
OAI22_X1,0b1111100010001000,3input0x27_X1,0b10000111,OK,3,1,4,,0.95
OAI22_X1,0b1111100010001000,3input0x28_X1,0b10001001,OK,4,1,5,,2.53
OAI22_X1,0b1111100010001000,3input0x29_X1,0b10001010,OK,4,0,4,,0.93
OAI22_X1,0b1111100010001000,3input0x2A_X1,0b10001011,OK,3,1,4,,0.85
OAI22_X1,0b1111100010001000,3input0x2B_X1,0b10001110,TIMEOUT,,,,,61.58
OAI22_X1,0b1111100010001000,3input0x2C_X1,0b10001111,OK,4,1,5,,1.42
OAI22_X1,0b1111100010001000,3input0x2D_X1_DH_N,0b10010110,IMPOSSIBLE_AFFINE,,,,base+INV is closed under affine class L (Post's lattice); target is non-affine,0.00
OAI22_X1,0b1111100010001000,3input0x2E_X1,0b10010111,TIMEOUT,,,,,55.07
OAI22_X1,0b1111100010001000,3input0x2F_X1,0b10011000,OK,5,0,5,,3.66
OAI22_X1,0b1111100010001000,3input0x30_X1,0b10011010,OK,4,0,4,,0.94
OAI22_X1,0b1111100010001000,3input0x31_X1,0b10011011,OK,4,1,5,,2.30
OAI22_X1,0b1111100010001000,3input0x32_X1,0b10011110,OK,5,0,5,,17.12
OAI22_X1,0b1111100010001000,3input0x33_X1,0b10011111,OK,4,2,6,,3.01
OAI22_X1,0b1111100010001000,AOI21_X1,0b10101000,OK,4,0,4,,0.57
OAI22_X1,0b1111100010001000,3input0x35_X1,0b10101001,TIMEOUT,,,,,32.30
OAI22_X1,0b1111100010001000,3input0x36_X1,0b10101011,OK,5,1,6,,2.85
OAI22_X1,0b1111100010001000,3input0x37_X1,0b10101100,OK,4,0,4,,1.36
OAI22_X1,0b1111100010001000,3input0x38_X1,0b10101101,OK,3,1,4,,1.06
OAI22_X1,0b1111100010001000,3input0x39_X1,0b10101110,OK,4,0,4,,1.18
OAI22_X1,0b1111100010001000,3input0x3A_X1,0b10111100,OK,5,0,5,,1.83
OAI22_X1,0b1111100010001000,3input0x3B_X1,0b10111101,OK,5,1,6,,21.38
OAI22_X1,0b1111100010001000,3input0x3C_X1,0b10111110,OK,5,0,5,,4.02
OAI22_X1,0b1111100010001000,3input0x3D_X1,0b10111111,OK,4,2,6,,2.71
OAI22_X1,0b1111100010001000,3input0x3E_X1,0b11101000,TIMEOUT,,,,,74.23
OAI22_X1,0b1111100010001000,3input0x3F_X1,0b11101001,TIMEOUT,,,,,60.15
OAI22_X1,0b1111100010001000,OAI21_X1,0b11101010,OK,4,0,4,,0.60
OAI22_X1,0b1111100010001000,3input0x41_X1,0b11101011,OK,5,1,6,,17.24
OAI22_X1,0b1111100010001000,3input0x42_X1,0b11101111,OK,6,1,7,,5.92
OAI22_X1,0b1111100010001000,NAND3_X1,0b11111110,OK,7,1,8,,10.44
OAI22_X1,0b1111100010001000,AOI211_X1,0b1000100010000000,OK,4,1,5,,1.76
OAI22_X1,0b1111100010001000,AOI22_X1,0b1110111011100000,OK,5,0,5,,5.90
OAI22_X1,0b1111100010001000,OAI211_X1,0b1111111011101110,OK,4,1,5,,2.66
OAI211_X1,0b1111111011101110,AND2_X1,0b0001,OK,4,2,6,,0.97
OAI211_X1,0b1111111011101110,2input0x1_X1,0b0100,OK,5,1,6,,0.90
OAI211_X1,0b1111111011101110,OR2_X1,0b0111,OK,3,3,6,,1.04
OAI211_X1,0b1111111011101110,XNOR2_X1,0b1001,IMPOSSIBLE_AFFINE,,,,base+INV is closed under affine class L (Post's lattice); target is non-affine,0.00
OAI211_X1,0b1111111011101110,2input0x6_X1,0b1101,OK,4,1,5,,0.58
OAI211_X1,0b1111111011101110,HA_X1,0b1110,OK,4,0,4,,0.32
OAI211_X1,0b1111111011101110,AND3_X1,0b00000001,OK,3,3,6,,1.12
OAI211_X1,0b1111111011101110,3input0x1_X1,0b00010000,OK,3,1,4,,0.57
OAI211_X1,0b1111111011101110,3input0x2_X1,0b00010100,OK,3,1,4,,0.45
OAI211_X1,0b1111111011101110,3input0x3_X1,0b00010101,OK,3,1,4,,0.46
OAI211_X1,0b1111111011101110,3input0x8_X1,0b00010110,OK,5,1,6,,15.52
OAI211_X1,0b1111111011101110,3input0x9_X1,0b00010111,TIMEOUT,,,,,100.53
OAI211_X1,0b1111111011101110,3input0xA_X1,0b00011000,OK,4,1,5,,1.92
OAI211_X1,0b1111111011101110,3input0xB_X1,0b00011001,OK,3,1,4,,0.78
OAI211_X1,0b1111111011101110,3input0xC_X1,0b00011010,OK,3,1,4,,0.59
OAI211_X1,0b1111111011101110,3input0xD_X1,0b00011011,OK,4,1,5,,1.09
OAI211_X1,0b1111111011101110,3input0xE_X1,0b00011110,OK,3,1,4,,0.75
OAI211_X1,0b1111111011101110,3input0xF_X1,0b00011111,OK,3,2,5,,1.53
OAI211_X1,0b1111111011101110,3input0x10_X1,0b00101000,OK,3,1,4,,0.73
OAI211_X1,0b1111111011101110,3input0x11_X1_DH_N,0b00101001,OK,3,1,4,,1.03
OAI211_X1,0b1111111011101110,3input0x12_X1,0b00101010,OK,4,1,5,,0.91
OAI211_X1,0b1111111011101110,3input0x13_X1,0b00101011,TIMEOUT,,,,,49.22
OAI211_X1,0b1111111011101110,3input0x14_X1,0b00101100,OK,3,1,4,,0.77
OAI211_X1,0b1111111011101110,3input0x15_X1_DH_P,0b00101101,OK,3,1,4,,1.00
OAI211_X1,0b1111111011101110,3input0x16_X1,0b00101110,OK,3,1,4,,0.63
OAI211_X1,0b1111111011101110,3input0x17_X1,0b00101111,OK,3,1,4,,0.64
OAI211_X1,0b1111111011101110,3input0x18_X1,0b00111101,OK,4,1,5,,1.30
OAI211_X1,0b1111111011101110,3input0x19_X1,0b00111110,OK,3,1,4,,0.65
OAI211_X1,0b1111111011101110,3input0x4_X1,0b01000000,OK,3,1,4,,0.60
OAI211_X1,0b1111111011101110,3input0x5_X1,0b01000001,OK,4,1,5,,0.81
OAI211_X1,0b1111111011101110,3input0x6_X1,0b01010001,OK,3,1,4,,0.49
OAI211_X1,0b1111111011101110,3input0x7_X1,0b01010100,OK,3,1,4,,0.50
OAI211_X1,0b1111111011101110,3input0x1A_X1,0b01101000,OK,5,1,6,,29.86
OAI211_X1,0b1111111011101110,3input0x1B_X1_DH_N,0b01101001,IMPOSSIBLE_AFFINE,,,,base+INV is closed under affine class L (Post's lattice); target is non-affine,0.00
OAI211_X1,0b1111111011101110,3input0x1C_X1,0b01101010,OK,4,1,5,,2.14
OAI211_X1,0b1111111011101110,3input0x1D_X1_DH_N,0b01101011,OK,3,1,4,,1.47
OAI211_X1,0b1111111011101110,3input0x1E_X1,0b01101110,OK,4,1,5,,2.85
OAI211_X1,0b1111111011101110,3input0x1F_X1_DH_N,0b01101111,OK,3,1,4,,0.92
OAI211_X1,0b1111111011101110,3input0x20_X1,0b01111110,OK,4,1,5,,2.10
OAI211_X1,0b1111111011101110,OR3_X1,0b01111111,OK,2,3,5,,1.57
OAI211_X1,0b1111111011101110,3input0x23_X1,0b10000001,OK,5,1,6,,17.22
OAI211_X1,0b1111111011101110,3input0x24_X1,0b10000010,OK,3,2,5,,3.68
OAI211_X1,0b1111111011101110,3input0x25_X1,0b10000011,OK,4,1,5,,1.18
OAI211_X1,0b1111111011101110,3input0x26_X1,0b10000110,TIMEOUT,,,,,32.03
OAI211_X1,0b1111111011101110,3input0x27_X1,0b10000111,OK,4,1,5,,7.40
OAI211_X1,0b1111111011101110,3input0x28_X1,0b10001001,OK,3,1,4,,0.72
OAI211_X1,0b1111111011101110,3input0x29_X1,0b10001010,OK,5,0,5,,0.99
OAI211_X1,0b1111111011101110,3input0x2A_X1,0b10001011,OK,4,1,5,,2.12
OAI211_X1,0b1111111011101110,3input0x2B_X1,0b10001110,TIMEOUT,,,,,92.12
OAI211_X1,0b1111111011101110,3input0x2C_X1,0b10001111,OK,2,1,3,,0.48
OAI211_X1,0b1111111011101110,3input0x2D_X1_DH_N,0b10010110,IMPOSSIBLE_AFFINE,,,,base+INV is closed under affine class L (Post's lattice); target is non-affine,0.00
OAI211_X1,0b1111111011101110,3input0x2E_X1,0b10010111,OK,4,2,6,,12.62
OAI211_X1,0b1111111011101110,3input0x2F_X1,0b10011000,OK,4,0,4,,0.90
OAI211_X1,0b1111111011101110,3input0x30_X1,0b10011010,OK,4,0,4,,0.85
OAI211_X1,0b1111111011101110,3input0x31_X1,0b10011011,OK,3,1,4,,1.07
OAI211_X1,0b1111111011101110,3input0x32_X1,0b10011110,OK,4,0,4,,1.99
OAI211_X1,0b1111111011101110,3input0x33_X1,0b10011111,OK,3,2,5,,1.49
OAI211_X1,0b1111111011101110,AOI21_X1,0b10101000,OK,5,0,5,,1.07
OAI211_X1,0b1111111011101110,3input0x35_X1,0b10101001,OK,4,1,5,,2.82
OAI211_X1,0b1111111011101110,3input0x36_X1,0b10101011,OK,3,1,4,,0.94
OAI211_X1,0b1111111011101110,3input0x37_X1,0b10101100,OK,4,0,4,,0.72
OAI211_X1,0b1111111011101110,3input0x38_X1,0b10101101,OK,3,1,4,,0.63
OAI211_X1,0b1111111011101110,3input0x39_X1,0b10101110,OK,4,0,4,,0.87
OAI211_X1,0b1111111011101110,3input0x3A_X1,0b10111100,OK,4,0,4,,1.01
OAI211_X1,0b1111111011101110,3input0x3B_X1,0b10111101,OK,4,1,5,,1.94
OAI211_X1,0b1111111011101110,3input0x3C_X1,0b10111110,OK,4,0,4,,0.68
OAI211_X1,0b1111111011101110,3input0x3D_X1,0b10111111,OK,2,2,4,,0.96
OAI211_X1,0b1111111011101110,3input0x3E_X1,0b11101000,TIMEOUT,,,,,64.72
OAI211_X1,0b1111111011101110,3input0x3F_X1,0b11101001,OK,4,1,5,,13.03
OAI211_X1,0b1111111011101110,OAI21_X1,0b11101010,OK,2,1,3,,0.50
OAI211_X1,0b1111111011101110,3input0x41_X1,0b11101011,OK,3,1,4,,0.89
OAI211_X1,0b1111111011101110,3input0x42_X1,0b11101111,OK,3,1,4,,0.89
OAI211_X1,0b1111111011101110,NAND3_X1,0b11111110,OK,4,0,4,,0.94
OAI211_X1,0b1111111011101110,AOI211_X1,0b1000100010000000,OK,4,1,5,,1.71
OAI211_X1,0b1111111011101110,AOI22_X1,0b1110111011100000,OK,3,1,4,,1.82
OAI211_X1,0b1111111011101110,OAI22_X1,0b1111100010001000,OK,5,0,5,,2.79
