canonical,master_cell,cluster_presence,avg_instances
0b1110111111111111,NOR2_X1,0.920775,0.920775
0b1110111111111111,NAND3_X1,0.673415,0.673415
0b1110111111111111,NAND3_X2,0.281690,0.281690
0b1110111111111111,INV_X1,0.069542,0.098592
0b1110111111111111,OR2_X1,0.076585,0.115317
0b1110111111111111,NAND2_X1,0.044894,0.047535
0b1110111111111111,AND2_X1,0.006162,0.006162
0b1110111111111111,INV_X2,0.007042,0.007042
0b0000000000000010,NAND3_X2,0.083538,0.083538
0b0000000000000010,NOR2_X1,0.992629,0.992629
0b0000000000000010,INV_X1,0.025799,0.031941
0b0000000000000010,NAND2_X1,0.079853,0.095823
0b0000000000000010,NAND3_X1,0.835381,0.835381
0b0000000000000010,AND2_X1,0.071253,0.072482
0b0000000000000010,INV_X4,0.003686,0.003686
0b0000000000000010,INV_X2,0.002457,0.002457
0b0000000000000010,OR2_X1,0.001229,0.001229
0b11101111,INV_X1,0.736264,0.736264
0b11101111,NAND3_X1,0.516484,0.516484
0b11101111,NAND3_X2,0.258242,0.258242
0b11101111,INV_X2,0.043956,0.043956
0b11101111,AND2_X1,0.003663,0.003663
0b11101111,NAND2_X1,0.225275,0.225275
0b11101111,OR2_X1,0.219780,0.219780
0b11101111,NOR2_X1,0.001832,0.001832
0b00000010,INV_X1,0.118072,0.134940
0b00000010,NOR2_X1,0.937349,0.937349
0b00000010,AND2_X1,0.077108,0.091566
0b00000010,NAND2_X1,0.881928,0.881928
0b00000010,NAND3_X1,0.021687,0.021687
0b00000010,INV_X2,0.021687,0.024096
0b00000010,NAND3_X2,0.019277,0.019277
0b00000010,INV_X4,0.007229,0.007229
0b00000010,OR2_X1,0.007229,0.007229
0b1110101011000000,3input0x2C_X1,1.000000,1.000000
0b1110101011000000,NOR2_X1,1.000000,1.000000
0b1111111111111110,AND2_X1,0.988571,0.994286
0b1111111111111110,NAND3_X1,0.628571,0.628571
0b1111111111111110,NAND3_X2,0.362857,0.362857
0b1111111111111110,NAND2_X1,0.017143,0.020000
0b1111111111111110,INV_X1,0.014286,0.014286
0b1111111111111110,OR2_X1,0.002857,0.002857
0b1111111011111111,INV_X1,0.451923,0.451923
0b1111111011111111,AND2_X1,0.128205,0.128205
0b1111111011111111,NAND3_X1,0.689103,0.689103
0b1111111011111111,NAND3_X2,0.230769,0.230769
0b1111111011111111,OR2_X1,0.445513,0.445513
0b1111111011111111,INV_X2,0.022436,0.022436
0b1111111011111111,NAND2_X1,0.080128,0.160256
0b1111111011111111,NOR2_X1,0.426282,0.426282
0b01101001,XNOR2_X1,1.000000,2.000000
0b00000001,INV_X4,0.051383,0.051383
0b00000001,NAND3_X2,0.114625,0.114625
0b00000001,AND2_X1,0.403162,0.806324
0b00000001,NAND3_X1,0.466403,0.466403
0b00000001,INV_X2,0.134387,0.134387
0b00000001,INV_X1,0.407115,0.407115
0b00000001,NOR2_X1,0.015810,0.015810
0b00000001,NAND2_X1,0.015810,0.015810
0b00000001,INV_X8,0.003953,0.003953
0b0010,INV_X1,0.950413,0.950413
0b0010,AND2_X1,0.165289,0.165289
0b0010,NOR2_X1,0.830579,0.830579
0b0010,INV_X2,0.049587,0.049587
0b0010,NAND2_X1,0.004132,0.004132
0b0010,INV_X4,0.004132,0.004132
0b1011111111111111,OR2_X1,0.137500,0.137500
0b1011111111111111,NOR2_X1,0.983333,0.983333
0b1011111111111111,NAND2_X1,0.120833,0.120833
0b1011111111111111,INV_X1,0.816667,0.837500
0b1011111111111111,NAND3_X1,0.537500,0.537500
0b1011111111111111,NAND3_X2,0.341667,0.341667
0b1011111111111111,INV_X2,0.066667,0.066667
0b0000000000001000,INV_X4,0.050420,0.050420
0b0000000000001000,NAND3_X2,0.210084,0.210084
0b0000000000001000,NOR2_X1,1.000000,1.000000
0b0000000000001000,INV_X1,0.558824,0.558824
0b0000000000001000,NAND3_X1,0.516807,0.516807
0b0000000000001000,NAND2_X1,0.159664,0.159664
0b0000000000001000,OR2_X1,0.151261,0.151261
0b0000000000001000,AND2_X1,0.121849,0.235294
0b0000000000001000,INV_X2,0.126050,0.126050
0b00001000,AND2_X1,0.747748,0.747748
0b00001000,NOR2_X1,1.000000,1.000000
0b00001000,INV_X1,0.247748,0.252252
0b00001000,NAND2_X1,0.216216,0.216216
0b00001000,OR2_X1,0.036036,0.036036
0b00001000,INV_X2,0.009009,0.009009
0b10111111,NOR2_X1,0.751323,0.751323
0b10111111,NAND2_X1,0.804233,0.804233
0b10111111,INV_X2,0.026455,0.026455
0b10111111,NAND3_X2,0.132275,0.132275
0b10111111,INV_X1,0.243386,0.402116
0b10111111,NAND3_X1,0.047619,0.047619
0b10111111,OR2_X1,0.068783,0.084656
0b0000000000000001,AND2_X1,0.462585,0.707483
0b0000000000000001,NAND3_X1,0.489796,0.489796
0b0000000000000001,INV_X2,0.102041,0.102041
0b0000000000000001,INV_X1,0.462585,0.462585
0b0000000000000001,NOR2_X1,0.544218,0.544218
0b0000000000000001,NAND3_X2,0.129252,0.129252
0b0000000000000001,INV_X4,0.061224,0.061224
0b0000000000000001,NAND2_X1,0.258503,0.510204
0b1011,INV_X1,0.956204,0.956204
0b1011,NAND2_X1,0.759124,0.759124
0b1011,OR2_X1,0.240876,0.240876
0b1011,INV_X2,0.043796,0.043796
0b1001011001101001,XNOR2_X1,1.000000,2.985294
0b1001011001101001,XOR2_X1,0.007353,0.014706
0b10000000,NOR2_X1,0.977099,0.977099
0b10000000,OR2_X1,0.984733,1.007634
0b10000000,AND2_X1,0.015267,0.015267
0b10000000,INV_X1,0.022901,0.022901
0b10000000,INV_X2,0.015267,0.015267
0b1001,INV_X1,1.000000,1.000000
0b1001,XOR2_X1,1.000000,1.000000
0b0010100011111111,3input0x2C_X1,1.000000,1.000000
0b0010100011111111,XNOR2_X1,1.000000,1.000000
0b0110100110010110,XNOR2_X1,1.000000,2.000000
0b0110100110010110,XOR2_X1,1.000000,1.000000
0b10000010,NOR2_X1,1.000000,1.000000
0b10000010,XOR2_X1,1.000000,1.000000
0b10010110,XOR2_X1,1.000000,1.000000
0b10010110,XNOR2_X1,1.000000,1.000000
0b01111111,OR2_X1,0.887500,1.775000
0b01111111,NAND2_X1,0.100000,0.100000
0b01111111,NOR2_X1,0.100000,0.100000
0b01111111,INV_X1,0.112500,0.137500
0b01111111,NAND3_X2,0.012500,0.012500
0b1000101010101010,3input0x29_X1,0.133333,0.133333
0b1000101010101010,OR2_X1,0.080000,0.080000
0b1000101010101010,NOR2_X1,0.920000,0.920000
0b1000101010101010,AOI21_X2,0.133333,0.133333
0b1000101010101010,AOI21_X1,0.733333,0.733333
0b1000101010101010,INV_X1,0.053333,0.053333
0b0000000010000000,NOR2_X1,1.000000,1.597222
0b0000000010000000,AND2_X1,0.236111,0.277778
0b0000000010000000,INV_X1,0.208333,0.236111
0b0000000010000000,NAND2_X1,0.638889,0.638889
0b0000000010000000,INV_X2,0.083333,0.097222
0b0000000010000000,NAND3_X2,0.097222,0.097222
0b0000000010000000,OR2_X1,0.236111,0.236111
0b0000000010000000,NAND3_X1,0.027778,0.027778
0b0000000010000000,INV_X4,0.027778,0.027778
0b00001110,AND2_X1,0.727273,0.727273
0b00001110,NAND2_X1,0.727273,0.727273
0b00001110,INV_X1,0.257576,0.257576
0b00001110,AOI21_X1,0.212121,0.212121
0b00001110,INV_X2,0.015152,0.015152
0b00001110,AOI21_X2,0.060606,0.060606
0b0000100011111111,3input0xF_X1,0.883333,0.883333
0b0000100011111111,NOR2_X1,0.883333,0.883333
0b0000100011111111,NAND2_X1,0.116667,0.116667
0b0000100011111111,3input0x2C_X1,0.116667,0.116667
0b0000100011111111,INV_X1,0.116667,0.116667
0b1110111011101111,NAND2_X1,1.000000,1.000000
0b1110111011101111,NAND3_X1,0.620690,0.620690
0b1110111011101111,NAND3_X2,0.362069,0.362069
0b1110111011101111,3input0xF_X1,0.017241,0.017241
0b1000000011111111,INV_X1,0.070175,0.070175
0b1000000011111111,3input0xF_X1,0.035088,0.035088
0b1000000011111111,NOR2_X1,0.070175,0.070175
0b1000000011111111,3input0x2C_X1,0.964912,0.964912
0b1000000011111111,OR2_X1,0.929825,0.929825
0b1000000000000000,AND2_X1,0.622642,0.622642
0b1000000000000000,NOR2_X1,1.000000,1.716981
0b1000000000000000,OR2_X1,0.283019,0.566038
0b1000000000000000,NAND2_X1,0.094340,0.094340
0b1000000000000000,INV_X1,0.075472,0.075472
0b1000000000000000,INV_X2,0.018868,0.018868
0b0000001011111111,NAND2_X1,0.914894,0.914894
0b0000001011111111,3input0x2C_X1,0.914894,0.914894
0b0000001011111111,INV_X1,0.085106,0.085106
0b0000001011111111,3input0xF_X1,0.085106,0.085106
0b0000001011111111,NOR2_X1,0.063830,0.063830
0b0000001011111111,AND2_X1,0.021277,0.021277
0b0010101010101010,3input0x29_X1,1.000000,1.000000
0b0010101010101010,NOR2_X1,1.000000,1.000000
0b1000001011111111,3input0x2C_X1,1.000000,1.000000
0b1000001011111111,XOR2_X1,1.000000,1.000000
0b0111111111111111,OR2_X1,0.184211,0.500000
0b0111111111111111,NAND2_X1,0.763158,0.763158
0b0111111111111111,NOR2_X1,0.842105,1.578947
0b0111111111111111,INV_X2,0.052632,0.052632
0b0111111111111111,INV_X1,0.105263,0.131579
0b0111111111111111,NAND3_X2,0.078947,0.078947
0b1010101010101001,NAND3_X2,0.851852,0.851852
0b1010101010101001,XOR2_X1,1.000000,1.000000
0b1010101010101001,NAND3_X1,0.148148,0.148148
0b1000,INV_X2,0.571429,0.571429
0b1000,OR2_X1,1.000000,1.000000
0b1000,INV_X4,0.190476,0.190476
0b1000,INV_X1,0.238095,0.238095
0b0000000010101000,AND2_X1,0.578947,0.684211
0b0000000010101000,AOI21_X1,0.473684,0.473684
0b0000000010101000,NOR2_X1,0.526316,0.526316
0b0000000010101000,3input0x36_X1,0.315789,0.315789
0b0000000010101000,NAND2_X1,0.052632,0.105263
0b0000000010101000,3input0xF_X1,0.052632,0.052632
0b0000000010101000,INV_X1,0.052632,0.052632
0b1010101010101011,NAND3_X2,0.263158,0.263158
0b1010101010101011,NAND2_X1,0.842105,0.842105
0b1010101010101011,NAND3_X1,0.578947,0.578947
0b1010101010101011,AND2_X1,0.157895,0.157895
0b1010101010101011,3input0x36_X1,0.157895,0.157895
0b0000000010001111,AND2_X1,0.944444,0.944444
0b0000000010001111,3input0x2C_X1,0.944444,0.944444
0b0000000010001111,3input0x36_X1,0.055556,0.055556
0b0000000010001111,INV_X1,0.055556,0.055556
0b0000000010001111,AOI21_X2,0.055556,0.055556
0b1010100010101010,AOI21_X1,0.111111,0.111111
0b1010100010101010,NOR2_X1,0.166667,0.222222
0b1010100010101010,INV_X1,0.111111,0.111111
0b1010100010101010,AND2_X1,0.777778,0.777778
0b1010100010101010,3input0x29_X1,0.777778,0.777778
0b1010100010101010,3input0x2C_X1,0.055556,0.055556
0b1010100010101010,NAND2_X1,0.111111,0.111111
0b1010100010101010,INV_X2,0.055556,0.055556
0b0000000000001110,AND2_X1,0.562500,0.937500
0b0000000000001110,NAND2_X1,0.875000,0.875000
0b0000000000001110,NAND3_X1,0.250000,0.250000
0b0000000000001110,INV_X2,0.062500,0.062500
0b0000000000001110,INV_X1,0.312500,0.312500
0b0000000000001110,AOI21_X1,0.250000,0.250000
0b0000000000001110,NOR2_X1,0.062500,0.062500
0b0000000000001110,AOI21_X2,0.062500,0.062500
0b1000001000101000,NOR2_X1,1.000000,1.000000
0b1000001000101000,XNOR2_X1,1.000000,2.000000
0b1000000010101010,3input0x29_X1,0.923077,0.923077
0b1000000010101010,OR2_X1,1.000000,1.000000
0b1000000010101010,INV_X1,0.076923,0.076923
0b1000000010101010,AOI21_X2,0.076923,0.076923
0b1010101010101000,AOI21_X1,0.769231,0.769231
0b1010101010101000,AND2_X1,0.923077,0.923077
0b1010101010101000,3input0x29_X1,0.076923,0.076923
0b1010101010101000,NAND2_X1,0.076923,0.076923
0b1010101010101000,AOI21_X2,0.153846,0.153846
0b1010101111111111,NAND2_X1,0.846154,0.846154
0b1010101111111111,AOI21_X1,0.692308,0.692308
0b1010101111111111,OR2_X1,0.153846,0.153846
0b1010101111111111,3input0x36_X1,0.153846,0.153846
0b1010101111111111,NAND3_X1,0.153846,0.153846
0b1010101111111111,INV_X1,0.153846,0.153846
0b0000000111111111,3input0xF_X1,0.916667,0.916667
0b0000000111111111,AND2_X1,0.916667,0.916667
0b0000000111111111,NAND2_X1,0.083333,0.083333
0b0000000111111111,NAND3_X1,0.083333,0.083333
0b0000000111111111,INV_X1,0.083333,0.083333
0b0000001010101010,NAND2_X1,0.083333,0.083333
0b0000001010101010,3input0x29_X1,0.083333,0.083333
0b0000001010101010,NOR2_X1,0.916667,0.916667
0b0000001010101010,AOI21_X1,0.916667,0.916667
0b0000000111111110,NAND3_X1,0.545455,0.545455
0b0000000111111110,XNOR2_X1,0.727273,0.727273
0b0000000111111110,XOR2_X1,0.272727,0.272727
0b0000000111111110,INV_X1,0.272727,0.272727
0b0000000111111110,NAND3_X2,0.454545,0.454545
0b1010100010001000,OR2_X1,0.909091,0.909091
0b1010100010001000,AOI21_X2,0.363636,0.363636
0b1010100010001000,AOI21_X1,0.545455,0.545455
0b1010100010001000,3input0x29_X1,0.090909,0.090909
0b1010100010001000,NOR2_X1,0.090909,0.090909
0b00101111,INV_X1,1.000000,1.000000
0b00101111,3input0xF_X1,0.272727,0.272727
0b00101111,3input0x2C_X1,0.727273,0.727273
0b11111110,AND2_X1,0.909091,0.909091
0b11111110,NAND2_X1,1.000000,1.090909
0b11111110,INV_X1,0.090909,0.090909
0b1010101011101010,INV_X2,0.100000,0.100000
0b1010101011101010,NAND3_X2,0.100000,0.100000
0b1010101011101010,INV_X1,0.100000,0.100000
0b1010101011101010,NAND2_X1,0.100000,0.100000
0b1010101011101010,3input0x36_X1,0.900000,0.900000
0b1010101011101010,NOR2_X1,0.900000,0.900000
0b0000000000001011,3input0x29_X1,1.000000,1.000000
0b0000000000001011,NAND2_X1,0.888889,0.888889
0b0000000000001011,AND2_X1,0.111111,0.111111
0b0000000000001011,INV_X1,0.111111,0.111111
0b0000001101010111,NAND2_X1,1.000000,1.000000
0b0000001101010111,3input0x36_X1,1.000000,1.000000
0b10101000,NOR2_X1,1.000000,1.000000
0b10101000,AND2_X1,1.000000,1.000000
0b0000100010101010,3input0x29_X1,1.000000,1.000000
0b0000100010101010,NOR2_X1,1.000000,1.000000
0b1110111011100000,AND2_X1,1.000000,1.000000
0b1110111011100000,AOI21_X1,0.750000,0.750000
0b1110111011100000,AOI21_X2,0.125000,0.125000
0b1110111011100000,NAND2_X1,0.125000,0.250000
0b0001,INV_X2,0.250000,0.250000
0b0001,NAND2_X1,1.000000,1.000000
0b0001,INV_X1,0.500000,0.500000
0b0001,INV_X4,0.250000,0.250000
0b00101000,NOR2_X1,1.000000,1.000000
0b00101000,XNOR2_X1,1.000000,1.000000
0b00101010,NOR2_X1,0.285714,0.571429
0b00101010,3input0x2C_X1,0.142857,0.142857
0b00101010,INV_X2,0.142857,0.142857
0b00101010,3input0x29_X1,0.571429,0.571429
0b00101010,INV_X1,0.571429,0.571429
0b10101100,3input0x2C_X1,1.000000,1.000000
0b10101100,NOR2_X1,1.000000,1.000000
0b10101100,INV_X1,1.000000,1.000000
0b0000011011111111,INV_X1,1.000000,1.000000
0b0000011011111111,XNOR2_X1,1.000000,1.000000
0b0000011011111111,3input0x2C_X1,1.000000,1.000000
0b1010101010101110,INV_X2,0.166667,0.166667
0b1010101010101110,NAND3_X2,0.333333,0.333333
0b1010101010101110,NAND2_X1,1.000000,1.000000
0b1010101010101110,INV_X1,0.833333,0.833333
0b1010101010101110,NAND3_X1,0.500000,0.500000
0b1010101010101110,3input0x2C_X1,0.166667,0.166667
0b11101010,NAND2_X1,0.500000,0.500000
0b11101010,OR2_X1,0.500000,0.500000
0b11101010,3input0x2C_X1,0.500000,0.500000
0b11101010,INV_X1,0.500000,0.500000
0b1000100010001010,AOI21_X1,0.800000,0.800000
0b1000100010001010,NAND2_X1,1.000000,1.000000
0b1000100010001010,AOI21_X2,0.200000,0.200000
0b1001100111110000,3input0x2C_X1,1.000000,1.000000
0b1001100111110000,XOR2_X1,1.000000,1.000000
0b1001100111110000,NOR2_X1,1.000000,1.000000
0b1001100111110000,INV_X1,1.000000,1.000000
0b1111111011101110,OR2_X1,1.000000,1.000000
0b1111111011101110,NAND3_X2,0.600000,0.600000
0b1111111011101110,NAND3_X1,0.400000,0.400000
0b00001011,AND2_X1,0.800000,0.800000
0b00001011,NAND2_X1,0.800000,0.800000
0b00001011,INV_X1,1.000000,1.000000
0b00001011,3input0x29_X1,0.200000,0.200000
0b1000101110111000,INV_X1,1.000000,1.000000
0b1000101110111000,3input0x2C_X1,1.000000,1.000000
0b1000101110111000,XNOR2_X1,1.000000,1.000000
0b1000101110111000,NOR2_X1,1.000000,1.000000
0b1000100010000000,3input0xF_X1,0.666667,0.666667
0b1000100010000000,NOR2_X1,0.666667,0.666667
0b1000100010000000,AOI21_X1,0.333333,0.333333
0b1000100010000000,OR2_X1,0.333333,0.333333
0b0000000000011111,3input0xF_X1,1.000000,1.000000
0b0000000000011111,AND2_X1,1.000000,1.000000
0b0000000010101011,NAND2_X1,0.500000,0.500000
0b0000000010101011,INV_X2,0.500000,0.500000
0b0000000010101011,AOI21_X1,0.500000,0.500000
0b0000000010101011,AND2_X1,0.500000,0.500000
0b0000000010101011,3input0x36_X1,0.500000,0.500000
0b0000000011111110,AND2_X1,1.000000,1.000000
0b0000000011111110,NAND3_X1,0.500000,0.500000
0b0000000011111110,INV_X1,0.500000,0.500000
0b0000000011111110,AOI21_X1,0.500000,0.500000
0b0000011111111111,OR2_X1,0.500000,0.500000
0b0000011111111111,3input0xF_X1,0.500000,0.500000
0b0000011111111111,AOI21_X1,0.500000,0.500000
0b0000011111111111,3input0x36_X1,0.500000,0.500000
0b0000111011101110,NOR2_X1,1.000000,1.000000
0b0000111011101110,AOI21_X2,0.500000,0.500000
0b0000111011101110,AOI21_X1,0.500000,0.500000
0b0010101011111111,3input0x2C_X1,1.000000,1.000000
0b0010101011111111,NOR2_X1,1.000000,1.000000
0b1000100011111000,NOR2_X1,1.000000,1.000000
0b1000100011111000,INV_X1,1.000000,1.000000
0b1000100011111000,3input0x2C_X1,1.000000,1.000000
0b0111,INV_X1,1.000000,1.000000
0b0111,NOR2_X1,1.000000,1.000000
0b00011111,INV_X8,0.500000,0.500000
0b00011111,AOI21_X2,0.500000,0.500000
0b00011111,3input0x36_X1,0.500000,0.500000
0b00011111,INV_X1,0.500000,0.500000
0b10101011,NAND2_X1,1.000000,2.000000
0b10101110,3input0x36_X1,1.000000,1.000000
0b10101110,INV_X1,1.000000,1.000000
0b0000000010001010,AND2_X1,1.000000,1.000000
0b0000000010001010,3input0x29_X1,1.000000,1.000000
0b0000000011101010,3input0x36_X1,1.000000,1.000000
0b0000000011101010,AOI21_X2,1.000000,1.000000
0b0000100010001000,3input0x2C_X1,1.000000,1.000000
0b0000100010001000,NOR2_X1,1.000000,1.000000
0b0000101011001010,3input0x29_X1,1.000000,1.000000
0b0000101011001010,AOI21_X1,1.000000,1.000000
0b0000101110111011,3input0x29_X1,1.000000,1.000000
0b0000101110111011,NOR2_X1,1.000000,1.000000
0b0001111011110000,XOR2_X1,1.000000,1.000000
0b0001111011110000,3input0xF_X1,1.000000,1.000000
0b0001111111111111,NOR2_X1,1.000000,1.000000
0b0001111111111111,3input0x36_X1,1.000000,1.000000
0b0010100010000010,XOR2_X1,1.000000,1.000000
0b0010100010000010,XNOR2_X1,1.000000,1.000000
0b0010100010000010,NOR2_X1,1.000000,1.000000
0b1010101010111111,NAND2_X1,1.000000,2.000000
0b1010101010111111,NAND3_X1,1.000000,1.000000
0b1010111011101110,NAND2_X1,1.000000,1.000000
0b1010111011101110,3input0x2C_X1,1.000000,1.000000
0b1010111011111111,OR2_X1,1.000000,1.000000
0b1010111011111111,3input0x36_X1,1.000000,1.000000
0b1010111011111111,INV_X1,1.000000,1.000000
0b1110101011101110,INV_X1,1.000000,1.000000
0b1110101011101110,3input0xF_X1,1.000000,1.000000
0b1110101011101110,NAND2_X1,1.000000,1.000000
0b1110101011111111,INV_X1,1.000000,1.000000
0b1110101011111111,OR2_X1,1.000000,1.000000
0b1110101011111111,NAND3_X1,1.000000,1.000000
0b1110111011101010,3input0xF_X1,1.000000,1.000000
0b1110111011101010,NAND2_X1,1.000000,1.000000
0b1110111011111110,NAND3_X1,1.000000,1.000000
0b1110111011111110,NAND2_X1,1.000000,1.000000
0b1110111011111110,INV_X1,1.000000,1.000000
0b1110,AND2_X1,1.000000,1.000000
0b1110,INV_X2,1.000000,1.000000
0b00000111,OR2_X1,1.000000,1.000000
0b00000111,AND2_X1,1.000000,1.000000
0b00011001,3input0x29_X1,1.000000,2.000000
0b00011110,NAND2_X1,1.000000,1.000000
0b00011110,XNOR2_X1,1.000000,1.000000
0b00101101,INV_X1,1.000000,1.000000
0b00101101,NAND2_X1,1.000000,1.000000
0b00101101,XNOR2_X1,1.000000,1.000000
0b10001010,INV_X1,1.000000,1.000000
0b10001010,AOI21_X2,1.000000,1.000000
