canonical_A,canonical_B,overlap_ratio
0b1110111111111111,0b0000000000001000,0.125880
0b1110111111111111,0b00101010,0.005282
0b1110111111111111,0b00000001,0.076585
0b1110111111111111,0b0000000000000010,0.382923
0b1110111111111111,0b1111111011111111,0.167254
0b1110111111111111,0b0010,0.107394
0b1110111111111111,0b1011111111111111,0.162852
0b1110111111111111,0b11101111,0.249120
0b1110111111111111,0b10101000,0.006162
0b1110111111111111,0b1111111111111110,0.126761
0b1110111111111111,0b0000000000000001,0.053697
0b1110111111111111,0b0000000010000000,0.025528
0b1110111111111111,0b1000101010101010,0.035211
0b1110111111111111,0b1000000000000000,0.015845
0b1110111111111111,0b10111111,0.043134
0b1110111111111111,0b00001000,0.051937
0b1110111111111111,0b00000010,0.133803
0b1110111111111111,0b0000001010101010,0.007923
0b1110111111111111,0b10000000,0.058099
0b1110111111111111,0b1011,0.036092
0b1110111111111111,0b01111111,0.047535
0b1110111111111111,0b1000000011111111,0.020246
0b1110111111111111,0b1000000010101010,0.009683
0b1110111111111111,0b1010100010001000,0.009683
0b1110111111111111,0b11111110,0.004401
0b1110111111111111,0b1111111011101110,0.003521
0b1110111111111111,0b1010101111111111,0.001761
0b1110111111111111,0b0010101010101010,0.012324
0b1110111111111111,0b0000100011111111,0.020246
0b1110111111111111,0b00101111,0.001761
0b1110111111111111,0b00001110,0.002641
0b1110111111111111,0b0000000000001110,0.001761
0b1110111111111111,0b1000,0.000880
0b1110111111111111,0b1110111011101111,0.010563
0b1110111111111111,0b00001011,0.000880
0b1110111111111111,0b0000000010001111,0.003521
0b1110111111111111,0b1010101010101011,0.008803
0b1110111111111111,0b0000000111111110,0.000880
0b1110111111111111,0b0000000111111111,0.005282
0b1110111111111111,0b01101001,0.000880
0b1110111111111111,0b1010101010101000,0.005282
0b1110111111111111,0b0000000010101000,0.006162
0b1110111111111111,0b0001,0.001761
0b1110111111111111,0b0111111111111111,0.011444
0b1110111111111111,0b1010100010101010,0.003521
0b1110111111111111,0b0000100010101010,0.005282
0b1110111111111111,0b0000111011101110,0.000880
0b1110111111111111,0b1010101011101010,0.001761
0b1110111111111111,0b1000100010001010,0.003521
0b1110111111111111,0b0000000010101011,0.000880
0b1110111111111111,0b0000001011111111,0.007923
0b1110111111111111,0b1010101010101110,0.001761
0b1110111111111111,0b0000000011111110,0.000880
0b1110111111111111,0b1110111011100000,0.000880
0b1110111111111111,0b1000100010000000,0.000880
0b1110111111111111,0b10101011,0.000880
0b1110111111111111,0b0010101011111111,0.000880
0b1110111111111111,0b0000100010001000,0.000880
0b1110111111111111,0b0000000000011111,0.001761
0b1110111111111111,0b1010101010101001,0.000880
0b1110111111111111,0b0000101110111011,0.000880
0b1110111111111111,0b1110101011111111,0.000880
0b1110111111111111,0b10001010,0.000880
0b0000000000000010,0b1110111111111111,0.697789
0b0000000000000010,0b1000000000000000,0.030713
0b0000000000000010,0b1010101010101000,0.007371
0b0000000000000010,0b10111111,0.038084
0b0000000000000010,0b00001000,0.078624
0b0000000000000010,0b0000000010000000,0.023342
0b0000000000000010,0b00000010,0.115479
0b0000000000000010,0b1011,0.015971
0b0000000000000010,0b0000000000001000,0.046683
0b0000000000000010,0b11101111,0.051597
0b0000000000000010,0b0001,0.001229
0b0000000000000010,0b1111111111111110,0.055283
0b0000000000000010,0b11111110,0.003686
0b0000000000000010,0b10000000,0.029484
0b0000000000000010,0b0010,0.025799
0b0000000000000010,0b0000000000000001,0.039312
0b0000000000000010,0b1000101010101010,0.017199
0b0000000000000010,0b1010100010101010,0.006143
0b0000000000000010,0b0111111111111111,0.015971
0b0000000000000010,0b00000001,0.027027
0b0000000000000010,0b0000100011111111,0.018428
0b0000000000000010,0b1111111011111111,0.023342
0b0000000000000010,0b0001111111111111,0.001229
0b0000000000000010,0b0000000010101000,0.001229
0b0000000000000010,0b1000,0.001229
0b0000000000000010,0b1010101010101011,0.003686
0b0000000000000010,0b01111111,0.006143
0b0000000000000010,0b1000000010101010,0.001229
0b0000000000000010,0b0000000111111111,0.004914
0b0000000000000010,0b1110111011101111,0.003686
0b0000000000000010,0b1010101011101010,0.004914
0b0000000000000010,0b0010101010101010,0.015971
0b0000000000000010,0b1011111111111111,0.012285
0b0000000000000010,0b1000100010001010,0.001229
0b0000000000000010,0b0000001011111111,0.013514
0b0000000000000010,0b00001110,0.003686
0b0000000000000010,0b00101111,0.002457
0b0000000000000010,0b1000000011111111,0.009828
0b0000000000000010,0b0111,0.002457
0b0000000000000010,0b1010101111111111,0.001229
0b0000000000000010,0b0010101011111111,0.001229
0b0000000000000010,0b0000000010001111,0.001229
0b0000000000000010,0b0000000010101011,0.001229
0b0000000000000010,0b0000000011111110,0.001229
0b11101111,0b00001000,0.003663
0b11101111,0b1111111111111110,0.020147
0b11101111,0b1111111011111111,0.042125
0b11101111,0b1000000000000000,0.003663
0b11101111,0b1110111111111111,0.597070
0b11101111,0b00001110,0.003663
0b11101111,0b0000000000001110,0.001832
0b11101111,0b00000001,0.034799
0b11101111,0b0000000000000010,0.084249
0b11101111,0b1010101010101011,0.003663
0b11101111,0b0000000000000001,0.001832
0b11101111,0b1010101010101110,0.003663
0b11101111,0b10111111,0.051282
0b11101111,0b1110111011101111,0.007326
0b11101111,0b1010101011101010,0.001832
0b11101111,0b00000010,0.018315
0b11101111,0b1000000011111111,0.025641
0b11101111,0b01111111,0.001832
0b11101111,0b10000000,0.009158
0b11101111,0b0000000000001000,0.009158
0b11101111,0b1000,0.005495
0b11101111,0b1011111111111111,0.007326
0b11101111,0b1011,0.005495
0b11101111,0b1010101111111111,0.007326
0b11101111,0b1010100010101010,0.001832
0b11101111,0b0000000010000000,0.001832
0b11101111,0b1010111011111111,0.001832
0b11101111,0b10101110,0.001832
0b11101111,0b0000001101010111,0.001832
0b11101111,0b0010101010101010,0.001832
0b11101111,0b0000000010001111,0.001832
0b11101111,0b1010101010101001,0.001832
0b11101111,0b1010111011101110,0.001832
0b00000010,0b1110111111111111,0.453012
0b00000010,0b0000000000000010,0.257831
0b00000010,0b11101111,0.024096
0b00000010,0b10000000,0.004819
0b00000010,0b0000000000001000,0.016867
0b00000010,0b1011111111111111,0.002410
0b00000010,0b1000101010101010,0.002410
0b00000010,0b10111111,0.028916
0b00000010,0b1010101010101000,0.002410
0b00000010,0b0010,0.045783
0b00000010,0b0000000010000000,0.014458
0b00000010,0b00001000,0.050602
0b00000010,0b1111111011111111,0.024096
0b00000010,0b01111111,0.002410
0b00000010,0b1000000011111111,0.004819
0b00000010,0b1111111111111110,0.007229
0b00000010,0b0000001011111111,0.012048
0b00000010,0b00000001,0.021687
0b00000010,0b0000000000000001,0.021687
0b00000010,0b0010101010101010,0.004819
0b00000010,0b0111111111111111,0.014458
0b00000010,0b1011,0.014458
0b00000010,0b1010100010101010,0.004819
0b00000010,0b0000000010101000,0.002410
0b00000010,0b01101001,0.002410
0b00000010,0b0000000111111110,0.002410
0b00000010,0b0000000010001111,0.002410
0b00000010,0b0000100011111111,0.002410
0b00000010,0b0000000111111111,0.002410
0b1110101011000000,0b0110100110010110,0.218750
0b1110101011000000,0b1001011001101001,0.278646
0b1110101011000000,0b01101001,0.330729
0b1110101011000000,0b10000010,0.312500
0b1110101011000000,0b10010110,0.221354
0b1110101011000000,0b0010100011111111,0.312500
0b1110101011000000,0b1000001000101000,0.020833
0b1110101011000000,0b1000001011111111,0.104167
0b1110101011000000,0b00101000,0.020833
0b1110101011000000,0b10101100,0.018229
0b1110101011000000,0b1001100111110000,0.013021
0b1110101011000000,0b0010,0.007812
0b1110101011000000,0b00101111,0.015625
0b1110101011000000,0b1000100011111000,0.005208
0b1110101011000000,0b0000011011111111,0.015625
0b1110101011000000,0b1000101110111000,0.010417
0b1110101011000000,0b0010100010000010,0.002604
0b1110101011000000,0b0001111011110000,0.002604
0b1111111111111110,0b11101111,0.040000
0b1111111111111110,0b1110111111111111,0.442857
0b1111111111111110,0b00000001,0.077143
0b1111111111111110,0b0000000000000010,0.142857
0b1111111111111110,0b1010101010101001,0.011429
0b1111111111111110,0b0000000010001111,0.011429
0b1111111111111110,0b00000010,0.011429
0b1111111111111110,0b0000000000001000,0.005714
0b1111111111111110,0b00001110,0.014286
0b1111111111111110,0b0000000000001110,0.008571
0b1111111111111110,0b0000000010101000,0.008571
0b1111111111111110,0b00001000,0.008571
0b1111111111111110,0b0000000000000001,0.037143
0b1111111111111110,0b1110111011101111,0.008571
0b1111111111111110,0b1010101010101011,0.002857
0b1111111111111110,0b0010,0.005714
0b1111111111111110,0b1111111011111111,0.005714
0b1111111111111110,0b00001011,0.005714
0b1111111111111110,0b1011,0.005714
0b1111111111111110,0b0000000010001010,0.002857
0b1111111111111110,0b0000000000001011,0.002857
0b1111111111111110,0b1110111011111110,0.002857
0b1111111111111110,0b1000000011111111,0.002857
0b1111111111111110,0b10000000,0.002857
0b1111111011111111,0b11101111,0.080128
0b1111111011111111,0b1110111111111111,0.727564
0b1111111011111111,0b0000000000000010,0.073718
0b1111111011111111,0b1000000011111111,0.006410
0b1111111011111111,0b0000001011111111,0.003205
0b1111111011111111,0b10000000,0.019231
0b1111111011111111,0b10111111,0.003205
0b1111111011111111,0b1011111111111111,0.003205
0b1111111011111111,0b0111111111111111,0.003205
0b1111111011111111,0b01111111,0.009615
0b1111111011111111,0b00000010,0.041667
0b1111111011111111,0b1111111111111110,0.006410
0b1111111011111111,0b1000000010101010,0.003205
0b1111111011111111,0b1110111011101111,0.006410
0b1111111011111111,0b0000000010000000,0.003205
0b1111111011111111,0b00001000,0.003205
0b1111111011111111,0b0000000000001000,0.003205
0b1111111011111111,0b1000000000000000,0.003205
0b1111111011111111,0b1010100010101010,0.003205
0b1111111011111111,0b00000001,0.003205
0b1111111011111111,0b1000100010000000,0.003205
0b01101001,0b0000000111111110,0.022222
0b01101001,0b00000010,0.003704
0b01101001,0b1110101011000000,0.970370
0b01101001,0b1110111111111111,0.003704
0b00000001,0b1110111111111111,0.391304
0b00000001,0b11101111,0.075099
0b00000001,0b1111111111111110,0.130435
0b00000001,0b0000000000001110,0.027668
0b00000001,0b1110111011101111,0.015810
0b00000001,0b0000000000000010,0.110672
0b00000001,0b00000010,0.043478
0b00000001,0b00001110,0.011858
0b00000001,0b0000000000000001,0.015810
0b00000001,0b1010101010101011,0.003953
0b00000001,0b1010101011101010,0.003953
0b00000001,0b0010,0.003953
0b00000001,0b1111111011111111,0.003953
0b00000001,0b00101010,0.003953
0b00000001,0b1010100010101010,0.003953
0b00000001,0b0000000010101000,0.003953
0b00000001,0b0000000000001000,0.003953
0b00000001,0b00001000,0.003953
0b0010,0b1110111111111111,0.520661
0b0010,0b0000000000000010,0.086777
0b0010,0b00000010,0.078512
0b0010,0b00000001,0.004132
0b0010,0b1111111111111110,0.008264
0b0010,0b10000000,0.008264
0b0010,0b00001000,0.004132
0b0010,0b0001,0.004132
0b0010,0b1011,0.004132
0b0010,0b1110101011000000,0.012397
0b0010,0b1000100010000000,0.004132
0b0010,0b0000000010101000,0.004132
0b0010,0b0000001011111111,0.004132
0b0010,0b1000000000000000,0.004132
0b0010,0b01111111,0.004132
0b0010,0b0000000111111111,0.004132
0b0010,0b0000100011111111,0.004132
0b1011111111111111,0b1110111111111111,0.933333
0b1011111111111111,0b1111111011111111,0.004167
0b1011111111111111,0b00000010,0.004167
0b1011111111111111,0b0000000000000010,0.041667
0b1011111111111111,0b11101111,0.016667
0b0000000000001000,0b1110111111111111,0.726891
0b0000000000001000,0b11101111,0.029412
0b0000000000001000,0b0000000000000010,0.189076
0b0000000000001000,0b00000010,0.033613
0b0000000000001000,0b1111111111111110,0.008403
0b0000000000001000,0b1111111011111111,0.008403
0b0000000000001000,0b00000001,0.004202
0b00001000,0b11101111,0.013514
0b00001000,0b1110111111111111,0.328829
0b00001000,0b0000000000000010,0.396396
0b00001000,0b00000010,0.099099
0b00001000,0b1010100010101010,0.009009
0b00001000,0b1111111111111110,0.013514
0b00001000,0b10101000,0.004505
0b00001000,0b0000000010101000,0.004505
0b00001000,0b10111111,0.004505
0b00001000,0b0111111111111111,0.004505
0b00001000,0b1000000000000000,0.022523
0b00001000,0b0001,0.004505
0b00001000,0b1111111011111111,0.009009
0b00001000,0b0010,0.004505
0b00001000,0b1011,0.009009
0b00001000,0b10000000,0.009009
0b00001000,0b00000001,0.004505
0b10111111,0b1110111111111111,0.312169
0b10111111,0b11101111,0.158730
0b10111111,0b0000100011111111,0.005291
0b10111111,0b0000001011111111,0.026455
0b10111111,0b1011,0.015873
0b10111111,0b01111111,0.015873
0b10111111,0b00000010,0.105820
0b10111111,0b0000000000000010,0.243386
0b10111111,0b1111111011111111,0.010582
0b10111111,0b00001000,0.010582
0b10111111,0b0111111111111111,0.010582
0b0000000000000001,0b11101111,0.013605
0b0000000000000001,0b1110111111111111,0.455782
0b0000000000000001,0b1111111111111110,0.163265
0b0000000000000001,0b0000000000000010,0.258503
0b0000000000000001,0b00000001,0.047619
0b0000000000000001,0b00000010,0.061224
0b1011,0b1110111111111111,0.313869
0b1011,0b10111111,0.021898
0b1011,0b11101111,0.021898
0b1011,0b00001011,0.014599
0b1011,0b00001110,0.014599
0b1011,0b00000010,0.043796
0b1011,0b0000000000000010,0.102190
0b1011,0b1111111111111110,0.014599
0b1011,0b0000001011111111,0.021898
0b1011,0b0000100011111111,0.021898
0b1011,0b0010,0.007299
0b1011,0b00001000,0.014599
0b1011,0b00011110,0.007299
0b1011,0b00101101,0.007299
0b1001011001101001,0b1110101011000000,1.000000
0b10000000,0b11101111,0.045802
0b10000000,0b1110111111111111,0.511450
0b10000000,0b1000,0.022901
0b10000000,0b01111111,0.022901
0b10000000,0b0000000000000010,0.183206
0b10000000,0b1111111011111111,0.045802
0b10000000,0b00000010,0.022901
0b10000000,0b0010,0.015267
0b10000000,0b0010101010101010,0.007634
0b10000000,0b1111111111111110,0.007634
0b10000000,0b00001000,0.015267
0b1001,0b0000000111111110,0.023438
0b1001,0b1010101010101001,0.023438
0b0010100011111111,0b1110101011000000,1.000000
0b0110100110010110,0b1110101011000000,1.000000
0b10000010,0b1110101011000000,1.000000
0b10010110,0b1110101011000000,1.000000
0b01111111,0b1110111111111111,0.725000
0b01111111,0b1000000011111111,0.012500
0b01111111,0b0111111111111111,0.012500
0b01111111,0b0000000000000010,0.075000
0b01111111,0b10111111,0.037500
0b01111111,0b10000000,0.037500
0b01111111,0b11101111,0.012500
0b01111111,0b1111111011111111,0.037500
0b01111111,0b0010,0.012500
0b01111111,0b00000010,0.012500
0b1000101010101010,0b1110111111111111,0.746667
0b1000101010101010,0b0000000000000010,0.240000
0b1000101010101010,0b00000010,0.013333
0b0000000010000000,0b1110111111111111,0.472222
0b0000000010000000,0b00000010,0.111111
0b0000000010000000,0b11101111,0.027778
0b0000000010000000,0b0000000000000010,0.375000
0b0000000010000000,0b1111111011111111,0.013889
0b00001110,0b1110111111111111,0.045455
0b00001110,0b1011,0.030303
0b00001110,0b1111111111111110,0.075758
0b00001110,0b00000001,0.045455
0b00001110,0b11101111,0.030303
0b00001110,0b0000000000000010,0.045455
0b00001110,0b1110111011100000,0.015152
0b0000100011111111,0b1110111111111111,0.516667
0b0000100011111111,0b0000000000000010,0.383333
0b0000100011111111,0b10111111,0.016667
0b0000100011111111,0b1011,0.050000
0b0000100011111111,0b00000010,0.016667
0b0000100011111111,0b0010,0.016667
0b1110111011101111,0b00000001,0.068966
0b1110111011101111,0b1110111111111111,0.206897
0b1110111011101111,0b11101111,0.068966
0b1110111011101111,0b0000000000000010,0.051724
0b1110111011101111,0b1111111111111110,0.051724
0b1110111011101111,0b1111111011111111,0.034483
0b1110111011101111,0b1010101010111111,0.017241
0b1000000011111111,0b1110111111111111,0.438596
0b1000000011111111,0b0000000000000010,0.140351
0b1000000011111111,0b01111111,0.017544
0b1000000011111111,0b1111111011111111,0.035088
0b1000000011111111,0b00000010,0.035088
0b1000000011111111,0b11101111,0.245614
0b1000000011111111,0b1111111111111110,0.017544
0b1000000000000000,0b11101111,0.037736
0b1000000000000000,0b0000000000000010,0.471698
0b1000000000000000,0b1110111111111111,0.358491
0b1000000000000000,0b00001000,0.094340
0b1000000000000000,0b1111111011111111,0.018868
0b1000000000000000,0b0010,0.018868
0b0000001011111111,0b10111111,0.106383
0b0000001011111111,0b1110111111111111,0.212766
0b0000001011111111,0b1111111011111111,0.042553
0b0000001011111111,0b00000010,0.106383
0b0000001011111111,0b0000000000000010,0.297872
0b0000001011111111,0b1011,0.063830
0b0000001011111111,0b11101010,0.021277
0b0000001011111111,0b1010101010101110,0.021277
0b0000001011111111,0b0010,0.021277
0b0010101010101010,0b1110111111111111,0.341463
0b0010101010101010,0b00000010,0.048780
0b0010101010101010,0b10000000,0.024390
0b0010101010101010,0b0000000000000010,0.317073
0b0010101010101010,0b11101111,0.024390
0b1000001011111111,0b1110101011000000,1.000000
0b0111111111111111,0b1110111111111111,0.342105
0b0111111111111111,0b01111111,0.026316
0b0111111111111111,0b0000000000000010,0.368421
0b0111111111111111,0b1111111011111111,0.026316
0b0111111111111111,0b00001000,0.026316
0b0111111111111111,0b00000010,0.157895
0b0111111111111111,0b10111111,0.052632
0b1010101010101001,0b1001,0.111111
0b1010101010101001,0b1110111111111111,0.037037
0b1010101010101001,0b1111111111111110,0.148148
0b1010101010101001,0b11101111,0.037037
0b1000,0b10000000,0.142857
0b1000,0b1110111111111111,0.047619
0b1000,0b11101111,0.142857
0b1000,0b0000000000000010,0.047619
0b0000000010101000,0b1110111111111111,0.368421
0b0000000010101000,0b1111111111111110,0.157895
0b0000000010101000,0b00001000,0.052632
0b0000000010101000,0b0000001101010111,0.052632
0b0000000010101000,0b00000010,0.052632
0b0000000010101000,0b0010,0.052632
0b0000000010101000,0b00000001,0.052632
0b0000000010101000,0b0000111011101110,0.052632
0b0000000010101000,0b0000000000000010,0.052632
0b1010101010101011,0b11101111,0.105263
0b1010101010101011,0b1110111111111111,0.578947
0b1010101010101011,0b00000001,0.052632
0b1010101010101011,0b1111111111111110,0.052632
0b1010101010101011,0b0000000000000010,0.157895
0b0000000010001111,0b1111111111111110,0.444444
0b0000000010001111,0b1110111111111111,0.222222
0b0000000010001111,0b00000010,0.111111
0b0000000010001111,0b0000000011101010,0.055556
0b0000000010001111,0b11101111,0.111111
0b0000000010001111,0b0000000000000010,0.055556
0b1010100010101010,0b0000000000000010,0.277778
0b1010100010101010,0b11101111,0.055556
0b1010100010101010,0b1110111111111111,0.222222
0b1010100010101010,0b00000010,0.111111
0b1010100010101010,0b00001000,0.111111
0b1010100010101010,0b1111111011111111,0.055556
0b1010100010101010,0b00000001,0.055556
0b0000000000001110,0b11101111,0.062500
0b0000000000001110,0b00000001,0.437500
0b0000000000001110,0b1111111111111110,0.187500
0b0000000000001110,0b1110111111111111,0.125000
0b0000000000001110,0b10101011,0.062500
0b1000001000101000,0b1110101011000000,1.000000
0b1000000010101010,0b1110111111111111,0.846154
0b1000000010101010,0b0000000000000010,0.076923
0b1000000010101010,0b1111111011111111,0.076923
0b1010101010101000,0b00000010,0.076923
0b1010101010101000,0b0000000000000010,0.461538
0b1010101010101000,0b1110111111111111,0.461538
0b1010101111111111,0b1110111111111111,0.153846
0b1010101111111111,0b11101111,0.307692
0b1010101111111111,0b0000000000000010,0.076923
0b1010101111111111,0b0000101011001010,0.076923
0b0000000111111111,0b0000000000000010,0.333333
0b0000000111111111,0b1110111111111111,0.500000
0b0000000111111111,0b0010,0.083333
0b0000000111111111,0b00000010,0.083333
0b0000001010101010,0b1110111111111111,1.000000
0b0000000111111110,0b1110111111111111,0.090909
0b0000000111111110,0b1001,0.272727
0b0000000111111110,0b01101001,0.545455
0b0000000111111110,0b00000010,0.090909
0b1010100010001000,0b1110111111111111,1.000000
0b00101111,0b1110111111111111,0.181818
0b00101111,0b0000000000000010,0.181818
0b00101111,0b1110101011000000,0.545455
0b00101111,0b1110111011101010,0.090909
0b00101111,0b1110101011101110,0.090909
0b11111110,0b0000000000000010,0.363636
0b11111110,0b1110111111111111,0.454545
0b1010101011101010,0b11101111,0.100000
0b1010101011101010,0b1110111111111111,0.300000
0b1010101011101010,0b0000000000000010,0.500000
0b1010101011101010,0b00000001,0.100000
0b0000000000001011,0b1111111111111110,0.111111
0b0000001101010111,0b11101111,0.111111
0b0000001101010111,0b0000000010101000,0.111111
0b10101000,0b1110111111111111,0.777778
0b10101000,0b00001000,0.111111
0b0000100010101010,0b1110111111111111,1.000000
0b1110111011100000,0b1110111111111111,0.125000
0b1110111011100000,0b00001110,0.125000
0b1110111011100000,0b0000011111111111,0.125000
0b0001,0b0000000000000010,0.125000
0b0001,0b00001000,0.125000
0b0001,0b0010,0.125000
0b0001,0b1110111111111111,0.250000
0b00101000,0b1110101011000000,1.000000
0b00101010,0b1110111111111111,0.857143
0b00101010,0b00000001,0.142857
0b10101100,0b1110101011000000,1.000000
0b0000011011111111,0b1110101011000000,1.000000
0b1010101010101110,0b11101111,0.500000
0b1010101010101110,0b1110111111111111,0.333333
0b1010101010101110,0b0000001011111111,0.166667
0b11101010,0b0000001011111111,0.166667
0b1000100010001010,0b1110111111111111,0.800000
0b1000100010001010,0b0000000000000010,0.200000
0b1001100111110000,0b1110101011000000,1.000000
0b1111111011101110,0b1110111111111111,0.800000
0b00001011,0b1110111111111111,0.200000
0b00001011,0b1011,0.400000
0b00001011,0b1111111111111110,0.400000
0b1000101110111000,0b1110101011000000,1.000000
0b1000100010000000,0b1110111111111111,0.333333
0b1000100010000000,0b0010,0.333333
0b1000100010000000,0b1111111011111111,0.333333
0b0000000000011111,0b1110111111111111,1.000000
0b0000000010101011,0b1110111111111111,0.500000
0b0000000010101011,0b0000000000000010,0.500000
0b0000000011111110,0b1110111111111111,0.500000
0b0000000011111110,0b0000000000000010,0.500000
0b0000011111111111,0b1110111011100000,0.500000
0b0000111011101110,0b1110111111111111,0.500000
0b0000111011101110,0b0000000010101000,0.500000
0b0010101011111111,0b1110111111111111,0.500000
0b0010101011111111,0b0000000000000010,0.500000
0b1000100011111000,0b1110101011000000,1.000000
0b0111,0b0000000000000010,1.000000
0b10101011,0b1110111111111111,0.500000
0b10101011,0b0000000000001110,0.500000
0b10101110,0b11101111,0.500000
0b0000000010001010,0b1111111111111110,1.000000
0b0000000011101010,0b0000000010001111,1.000000
0b0000100010001000,0b1110111111111111,1.000000
0b0000101011001010,0b1010101111111111,1.000000
0b0000101110111011,0b1110111111111111,1.000000
0b0001111011110000,0b1110101011000000,1.000000
0b0001111111111111,0b0000000000000010,1.000000
0b0010100010000010,0b1110101011000000,1.000000
0b1010101010111111,0b1110111011101111,1.000000
0b1010111011101110,0b11101111,1.000000
0b1010111011111111,0b11101111,1.000000
0b1110101011101110,0b00101111,1.000000
0b1110101011111111,0b1110111111111111,1.000000
0b1110111011101010,0b00101111,1.000000
0b1110111011111110,0b1111111111111110,1.000000
0b00011110,0b1011,1.000000
0b00101101,0b1011,1.000000
0b10001010,0b1110111111111111,1.000000
